idx,sents,labels,checkpoint
19,"['fasilitas', 'parkiran', 'agar', 'disediakan', '.']",[],TRUE
39,"['bersih', '.', 'tetapi', 'sulit', 'ditemukan', '.']","[([-1], [0], 'POS'), ([-1], [3, 4], 'NEG')]",FALSE
41,"['kesigapan', 'pegawai', 'dan', 'minimalkan', 'kebisingan', 'baik', 'dari', 'pegawai', 'atau', 'tamu', 'lain', '.', 'biar', 'tidak', 'menganggu', 'istirahat', 'tamu', 'lain', '.']",[],TRUE
42,"['nyaman', '.']","[([-1], [0], 'POS')]",FALSE
46,"['sarapan', 'cuma', 'roti', 'bakar', 'sama', 'roti', 'saja', 'pilihannya', '.']",[],TRUE
50,"['bersih', '.', 'ramah', '.', 'strategis', '.']","[([-1], [0], 'POS'), ([-1], [2], 'POS'), ([-1], [4], 'POS')]",FALSE
52,"['tidak', 'sesuai', 'dengan', 'di', 'foto', '.']","[([-1], [0, 1], 'POS')]",FALSE
58,"['memuaskan', 'dan', 'dekat', 'dengan', 'bandara', '.']","[([-1], [0], 'POS')]",FALSE
71,"['lokasi', 'sangat', 'dekat', 'dengan', 'jembatan', 'amperantapi', 'sayangnya', 'sedikit', 'masuk', 'ke', 'dalam', 'lorong', ',', 'tetapi', 'recommended', 'buat', 'yang', 'backpacker', 'an', '.']",[],TRUE
72,"['saya', 'sudah', '2x', 'menginap', '.', 'thank', 'you', 'for', 'your', 'pelayanan', '.']",[],TRUE
76,"['pngen', 'kembali', 'lagi', 'buat', 'menginap', '.']",[],TRUE
77,"['cukup', 'bagus', '.', 'cuma', 'banyak', 'nyamuk', 'beterbangan', '.']","[([-1], [0, 1], 'POS'), ([-1], [4, 5], 'NEG')]",FALSE
80,"['harga', 'ditraveloka', 'jauh', 'lebih', 'mahal', 'dari', 'harga', 'hotel', 'langsung', '.', 'di', 'traveloka', 'lebih', 'rp', '.', '900.000', 'sedangkan', '.']",[],TRUE
95,"['mksh', 'iya', 'atas', 'pelayanan', 'nya', 'mas', 'azis', 'sama', 'mas', 'irfan', 'alhamdullilah', 'q', 'bsistirahat', 'setiap', 'saat', '.']",[],TRUE
119,"['pertama', 'datang', 'saya', 'dikasih', 'kamar', 'yang', 'buat', 'berdua', 'padahal', 'saya', 'memesan', 'kamar', 'yang', 'untuk', 'berempat', 'dan', 'tidak', 'ada', 'desain', 'nya', 'airyroom', 'di', 'kamar', 'dan', 'tidak', 'dapat', 'snack', 'kalau', 'tidak', 'di', 'keluhan', 'pokok', 'nya', 'kecewa', 'menginap', 'disini', '.']","[([-1], [33], 'NEG')]",FALSE
120,"['tidak', 'sesuai', 'yang', 'ada', 'di', 'gambar', '.']","[([-1], [0, 1], 'NEG')]",FALSE
140,"['saya', 'dari', 'jam', '9', 'pagi', 'sudah', 'di', 'usir', 'untuk', 'chekout', '.', 'dengan', 'alasan', 'ada', 'tamu', 'lagi', '.']",[],TRUE
148,"['tidak', 'ada', 'masalah', 'selama', 'menginap', 'di', 'tempat', 'ini', '.']",[],TRUE
158,"['dapat', 'beristrhat', 'dengan', 'nyaman', 'di', 'hotel', 'ini', '.']",[],TRUE
160,"['ada', 'harga', 'ada', 'rupa', '.', 'mantapp', 'sangat', 'apalagi', 'banyak', 'promo', 'nya', '.']","[([-1], [5, 6], 'NEG')]",FALSE
167,"['kurang', 'ramah', '.']","[([-1], [0, 1], 'NEG')]",FALSE
173,"['sudah', '2x', 'ini', 'inap', 'di', 'airy', 'tetapi', 'tidak', 'pernah', 'dapat', 'bingkisan', 'kotak', 'biru', 'dari', 'airy', '(', 'complimentery', ')', 'padahal', 'baca', 'review', 'temanteman', 'sering', 'pada', 'dapat', '.', 'waktu', 'bertanya', 'dari', 'pihak', 'hotel', 'katanya', 'dari', 'airy', 'tidak', 'pernah', 'kirim', 'lagi', ',', 'ty', 'ke', 'customer', 'pelayanan', 'airy', 'di', 'jawab', 'airy', 'tidak', 'ada', 'gitugituan', ',', 'dan', 'percakapan', 'langsung', 'di', 'hentikan', 'oleh', 'customer', 'pelayanan', 'ats', 'nama', 'koko', '.']",[],TRUE
178,"['not', 'bad', '.', 'tetapi', 'ada', 'kecoak', 'di', 'lemarinya', '.', ':', ')', '.']","[([-1], [0, 1], 'NEG')]",FALSE
181,"['sangat', 'nyaman', 'dan', 'murah', 'dan', 'betah', 'disana', '.']","[([-1], [0, 1], 'POS'), ([-1], [3], 'POS')]",FALSE
182,"['serasa', 'di', 'rumah', 'sendiri', '.']",[],TRUE
194,"['kmi', 'sangat', 'puass', 'dan', 'tidak', 'menyesal', ',', 'sesuai', 'dengan', 'ekspetasi', 'yang', 'kmi', 'harapkan', '.']","[([-1], [1, 2], 'POS'), ([-1], [4, 5], 'POS')]",FALSE
214,"['sangat', 'nyaman', 'dan', 'bagus', '.']","[([-1], [0, 1], 'POS'), ([-1], [3], 'POS')]",FALSE
215,"['semoga', 'bisa', 'memberikan', 'pelayanan', 'yang', 'lebih', 'baik', 'lagi', '.']",[],TRUE
218,"['nyaman', 'bersih', 'tenang', 'gampang', 'untuk', 'menuju', 'kota', 'dan', 'tempat', 'makan', '.']","[([-1], [0], 'POS'), ([-1], [1], 'POS'), ([-1], [2], 'POS')]",FALSE
223,"['nyaman', 'banget', '.', 'walau', 'roomnya', 'ada', 'di', 'atas', '.']","[([-1], [0, 1], 'POS')]",FALSE
227,"['mereka', 'upgrade', 'gratis', 'kamar', ',', 'terimakasih', 'airy', '.']",[],TRUE
246,"['nyaman', ',', 'pas', 'dapat', 'yang', 'enak', 'he', '.']","[([-1], [0], 'POS')]",FALSE
250,"['recomended', 'buat', 'refreshing', 'dan', 'sangat', 'nyaman', '.']","[([-1], [0], 'POS'), ([-1], [4, 5], 'POS')]",FALSE
254,"['lebih', 'membutuhkan', 'maintenance', 'untuk', 'kamar', 'mandi', 'dan', 'aroma', 'ac/kamarnya', '.']",[],TRUE
257,"['selalu', 'senang', 'kalau', 'menginap', 'disini', '.']","[([-1], [0, 1], 'POS')]",FALSE
259,"['nyaman', 'dan', 'menyenangkan', '.']","[([-1], [0], 'POS'), ([-1], [2], 'POS')]",FALSE
267,"['good', ',', 'sangat', 'nyaman', '.']","[([-1], [0], 'POS'), ([-1], [2, 3], 'POS')]",FALSE
272,"['ada', 'harga', 'ada', 'kualitas', 'bagi', 'saya', 'kualitas', 'sudah', 'diatas', 'harga', '.', 'semoga', 'bisa', 'menginap', 'disini', 'lagi', '.']",[],TRUE
273,"['sudah', 'bayar', 'tidak', 'jadi', 'cek', 'in', 'tidak', 'ada', 'konfirmasi', 'apalagi', 'refund', '.']",[],TRUE
277,"['bersih', '.', 'nyaman', '.', 'ramah', '.', 'dekat', 'dengan', 'taman', 'safari', '.']","[([-1], [0], 'POS'), ([-1], [2], 'POS'), ([-1], [4], 'POS')]",FALSE
296,"['baik', 'dan', 'nyaman', '.', 'bersih', '.', 'untuk', 'liburan', 'keluarga', '.']","[([-1], [0], 'POS'), ([-1], [2], 'POS'), ([-1], [4], 'POS')]",FALSE
298,"['recommended', '.', 'untuk', 'harga', 'segitu', ',', 'lumayan', 'lah', '.']","[([-1], [0], 'POS'), ([-1], [6], 'POS')]",FALSE
299,"['sangat', 'puas', 'dan', 'menyenangkan', '.', 'terima', 'kasih', '!']","[([-1], [0, 1], 'POS'), ([-1], [3], 'POS')]",FALSE
304,"['bersih', '.', 'oke', '.', 'nyaman', '.']","[([-1], [0], 'POS'), ([-1], [2], 'POS'), ([-1], [4], 'POS')]",FALSE
305,"['sudah', 'cukup', 'baik', '.']","[([-1], [1,2], 'POS')]",FALSE
308,"['nyaman', '.', 'dekat', 'dengan', 'malioboro', 'dan', 'stasiun', 'tugu', '.', 'akses', 'kemanakemana', 'dekat', '.']","[([-1], [0], 'POS')]",FALSE
313,"['sudah', 'sering', 'menginap', 'disini', '.']",[],TRUE
338,"['puas', 'menginap', 'disini', '.']","[([-1], [0], 'POS')]",FALSE
340,"['bagus', '.', 'bersih', '.', 'nyaman', '.']","[([-1], [0], 'POS'), ([-1], [2], 'POS'), ([-1], [4], 'POS')]",FALSE
353,"['check', 'in', 'ktp', 'di', 'minta', ',', 'check', 'out', 'petugas', 'lupa', 'tidak', 'memberikan', 'ktp', 'saya', ',', 'padahal', 'saya', 'dari', 'luar', 'kota', 'transit', 'ke', 'semarang', 'dan', 'saya', 'tidak', 'di', 'hubungi', 'terkait', 'ini', 'sampai', 'saya', 'caricari', 'nomor', 'telpun', 'hotel', ',', 'ketika', 'di', 'telpun', 'juga', 'tidak', 'bahkan', 'minta', 'maaf', 'bahkan', 'lempar', 'lemparan', 'tanggung', 'jawab', '.']",[],TRUE
356,"['oke', 'thank', 'you', '.']","[([-1], [0], 'NEU')]",FALSE
363,"['sangat', 'di', 'rekomendasikan', 'untuk', 'berlibur', 'ke', 'bali', 'dengan', 'modal', 'sedikit', '.']","[([-1], [0, 1, 2], 'POS')]",FALSE
364,"['jadi', 'ketagihan', 'menginap', 'disini', '.']",[],TRUE
374,"['recommended', 'banget', 'buat', 'backpacker', '.']","[([-1], [0, 1], 'POS')]",FALSE
375,"['kurang', 'ramah', '.']","[([-1], [0, 1], 'NEG')]",FALSE
379,"['tenang', 'banget', '.', 'iya', 'lumayan', 'lah', '.']","[([-1], [0, 1], 'POS'), ([-1], [4], 'POS')]",FALSE
380,"['nyaman', 'dan', 'bersih', '.']","[([-1], [0], 'POS'), ([-1], [2], 'POS')]",FALSE
401,"['sudah', 'reservasi', 'tetapi', 'pihak', 'hotel', 'tidak', 'mengetahui', 'dan', 'menyiapkan', 'kamar', '.', 'akhirnya', 'di', 'cancel', '.']",[],TRUE
411,"['sangat', 'nyaman', ':', ')', '.']","[([-1], [0, 1], 'POS')]",FALSE
418,"['beli', 'airy', 'hotel', 'namun', 'nginapnya', 'di', 'ameera', 'hotel', '.']",[],TRUE
437,"['sangat', 'puas', '.']","[([-1], [0, 1], 'POS')]",FALSE
444,"['sungguh', 'sangat', 'memberikan', 'keutamaan', 'bagi', 'tamu', 'nya', 'tingkatkan', 'terus', 'sop', 'nya', 'dan', 'saya', 'sangat', 'puas', 'menginap', 'di', 'sini', '.']","[([-1], [13, 14], 'POS')]",FALSE
449,"['mohon', 'lebih', 'teliti', 'mengenai', 'fasilitasnya', ',', 'sebab', 'hari', 'itu', '(', ')', 'handuk', ',', 'terima', 'kasih', '.']",[],TRUE
459,"['untuk', 'kedua', 'kalinya', '.', 'very', 'bagus', '.']","[([-1], [4, 5], 'POS')]",FALSE
461,"['saya', 'di', 'layani', 'dengan', 'maximal', 'terimakasih', 'airy', '.']",[],TRUE
464,"['kalau', 'ada', 'yang', 'double', 'bed', 'lebih', 'baik', 'lagi', '.']",[],TRUE
474,"['swkt', 'akan', 'check', 'out', 'harus', 'lebih', 'dulu', 'menunggu', 'customer', 'pelayanan', 'periksa', 'kamar', 'dengan', 'alasan', 'sering', 'bercak', 'darah', 'di', 'selimut', ',', 'dll.', '.']",[],TRUE
479,"['lumayan', 'ok', '.', 'sarapannya', 'kalau', 'bisa', 'ada', 'ayam', 'goreng', 'atau', 'apa', 'begitu', 'walau', 'dalam', 'irisan', 'kecil', 'sja', '.']","[([-1], [0, 1], 'POS')]",FALSE
499,"['nyaman', ',', 'bersih', ',', 'terjangkau', 'dan', 'dekat', 'bandara', '.']","[([-1], [0], 'POS'), ([-1], [2], 'POS'), ([-1], [4], 'POS')]",FALSE
500,"['tidak', 'sesuai', 'alamat', 'di', 'traveloka', '.', 'di', 'map', 'traveloka', ',', 'foto', 'depan', 'tampak', 'di', 'depan', 'jalan', 'raya', '.', 'ternyata', 'dia', 'bekerja', 'sama', 'dengan', 'ayu', 'beach', 'in', '.', 'dan', 'letaknya', 'didalem', '.', 'tidak', 'bisa', 'buat', 'parkir', 'mobil', '.', 'akhirnya', 'saya', 'tinggal', 'pergi', 'tanpa', 'saya', 'tempati', '.', 'kecewa', 'banget', '.']","[([-1], [45, 46], 'NEG')]",FALSE
506,"['ah', '.', 'dikasih', 'yang', 'bau', 'rokok', '.']","[([-1], [4, 5], 'NEG')]",FALSE
507,"['aman', 'dan', 'nyaman', ',', 'ulun', 'kawa', 'tidur', 'nyenyak', 'pian', '.']","[([-1], [0], 'POS'), ([-1], [2], 'POS')]",FALSE
509,"['bersih', 'dan', 'nyaman', '.']","[([-1], [0], 'POS'), ([-1], [2], 'POS')]",FALSE
515,"['ada', 'dispenser', 'dong', ',', 'paling', 'tidak', 'di', 'pojok', 'ruangan', 'saja', '1', '.']",[],TRUE
521,"['alhamdulillah', '.', 'baik', 'dan', 'pas', 'buat', 'keluarga', 'kecil', '.']","[([-1], [2], 'POS')]",FALSE
522,"['dekat', 'halte', 'harmoni', '.', 'dekat', 'supermarket', '.']",[],TRUE
524,"['bagus', 'menyenangkan', ',', 'anak', 'anak', 'happy', 'banget', 'disini', '.']","[([-1], [0, 1], 'POS')]",FALSE
525,"['pemanas', 'airnya', 'bisa', 'dpake', 'siang', 'dan', 'sore', 'saja', ',', 'pg', 'sama', 'malam', 'airnya', 'dingin', '.']",[],TRUE
534,"['inap', 'kalau', 'mencari', 'ketenangan', 'disini', 'tempanya', ',', 'recomended', '.']","[([-1], [7], 'POS')]",FALSE
536,"['senengnya', 'dape', 't', 'kamar', 'paling', 'depan', 'jadi', 'kalau', 'mau', 'keluar', 'keluar', 'enak', 'tidak', 'ganggu', '.']",[],TRUE
544,"['jika', 'dibenahi', 'dan', 'lebih', 'terawat', 'padahal', 'akan', 'sangat', 'menyenangkan', '.']",[],TRUE
562,"['kurang', 'bersih', ',', 'banyak', 'serangga', '.']","[([-1], [0, 1], 'NEG'), ([-1], [3, 4], 'NEG')]",FALSE
566,"['nyaman', 'dan', 'bersih', '.']","[([-1], [0], 'POS'), ([-1], [2], 'POS')]",FALSE
583,"['bagus', '.', 'parkiran', 'di', 'depan', 'kamar', 'memudahkan', 'orang', 'saat', 'pergi', 'dan', 'lelah', 'bisa', 'langsung', 'menuju', 'kamar', '.']","[([-1], [0], 'POS')]",FALSE
590,"['hanya', 'jarak', 'tempuh', 'menuju', 'metro', 'tanah', 'abang', 'lumayan', 'jauh', '.']",[],TRUE
591,"['bersih', ',', 'bagus', ',', 'ramah', ',', 'cari', 'makanan', 'dekat', ',', 'banyak', 'cafe', 'sekitar', 'hotel', '.', 'di', 'hotelnya', 'pun', 'ada', 'cafe', 'sendiri', '.', 'terimakasih', 'hazotel', ',', 'terimakasih', 'airy', ',', 'terimakasih', 'local', 'guide', '.']","[([-1], [0], 'POS'), ([-1], [2], 'POS'), ([-1], [4], 'POS')]",FALSE
595,"['ini', 'tempat', 'langganan', 'saya', '.']",[],TRUE
596,"['bagus', ',', 'sesuai', 'dengan', 'ekspektasi', 'dan', 'dekat', 'banget', 'dengan', 'mesjid', ',', 'rekomen', 'deh', '.']","[([-1], [0], 'POS'), ([-1], [11], 'POS')]",FALSE
597,"['mau', 'hunian', 'dengan', 'konsep', 'rumahan', 'iya', 'di', 'sini', 'tempatnya', '.']",[],TRUE
598,"['not', 'good', 'enough', '.', 'tidak', 'sesuai', 'ekspektasi', '.']","[([-1], [0, 1, 2], 'NEG'), ([-1], [4, 5, 6], 'NEG')]",FALSE
609,"['bagus', 'banget', 'untuk', 'penginapan', 'seharga', 'ini', '.']","[([-1], [0, 1], 'POS')]",FALSE
612,"['keren', 'banget', ',', 'puas', 'pokoknya', '.', 'makasii', 'iya', '.']","[([-1], [0, 1], 'POS'), ([-1], [3], 'POS')]",FALSE
629,"['hotel', 'agak', 'masuk', 'ke', 'gang', ',', 'tetapi', 'tidak', 'jauh', ',', 'dan', 'jadi', 'keuntungan', 'tersendiri', 'karena', 'jauh', 'dari', 'kebisingan', 'jalan', 'rs', 'farmawati', 'yang', 'always', 'macet', 'itu', '.']",[],TRUE
631,"['bagus', ',', 'bersih', ',', 'nyaman', ',', 'dan', 'ramah', '.']","[([-1], [0], 'POS'), ([-1], [2], 'POS'), ([-1], [4], 'POS'), ([-1], [7], 'POS')]",FALSE
641,"['semakin', 'mantap', '.']","[([-1], [1], 'POS')]",FALSE
647,"['semoga', 'tetap', 'dipertahnkn', '.']",[],TRUE
648,"['nyaman', 'banget', ',', 'ramah', 'dan', 'bersiih', '.']","[([-1], [0, 1], 'POS'), ([-1], [3], 'POS'), ([-1], [5], 'POS')]",FALSE
659,"['sudah', 'enak', 'to', 'kurang', 'bersih', '.']","[([-1], [0, 1], 'POS'), ([-1], [3, 4], 'NEG')]",FALSE
670,"['sangat', 'baik', '.']","[([-1], [0, 1], 'POS')]",FALSE
673,"['lumayan', 'buat', 'istirahat', '.']","[([-1], [0], 'POS')]",FALSE
679,"['nyaman', 'banget', ',', 'airy', 'mantap', 'pkonya', '.']","[([-1], [0, 1], 'POS'), ([-1], [4], 'POS')]",FALSE
681,"['very', 'recommended', ',', 'nyaman', '.']","[([-1], [0, 1], 'POS'), ([-1], [3], 'POS')]",FALSE
686,"['bising', ',', 'kurang', 'bersih', '.']","[([-1], [0], 'NEG'), ([-1], [2, 3], 'NEG')]",FALSE
692,"['maaf', '.', 'kamu', 'tidak', 'jadi', 'menginap', 'karena', 'penerbangan', 'kamu', 'ke', 'bali', 'dibatalkn', 'akibat', 'gunung', 'agung', 'meletus', '.']",[],TRUE
702,"['igin', 'merubah', 'tanggal', '.']",[],TRUE
708,"['tempat', 'makan', 'lebih', 'baik', 'dikasih', 'dinding', 'atau', 'apa', 'begitu', 'biar', 'tidak', 'langsung', 'menghadap', 'ke', 'kamar', '.', 'karena', 'risih', 'kalau', 'dilihat', '.']",[],TRUE
715,"['kebanyakan', 'yang', 'menginap', 'pakai', 'motor', ',', 'tetapi', 'mobil', 'bisa', 'parkir', 'di', 'luar', 'juga', '.']",[],TRUE
728,"['nyaman', 'sekali', ',', 'betah', 'dan', 'rekomended', 'kalau', 'ke', 'surabaya', 'dst.', '.']","[([-1], [0, 1], 'POS'), ([-1], [5], 'POS')]",FALSE
729,"['cukup', 'bersih', 'dan', 'enak', 'kalau', 'buat', 'backpakeran', '.']","[([-1], [0, 1], 'POS'), ([-1], [3], 'POS')]",FALSE
730,"['parkir', 'kalau', 'malam', 'penuh', ',', 'mungkin', 'karena', 'ada', 'pengunjung', 'cafe', 'di', 'lantai', 'atas', '.', 'tetapi', 'so', 'far', 'tidak', 'begitu', 'masalah', 'karena', 'staf', 'hotel', 'siap', 'membantu', '.']",[],TRUE
735,"['hotelnya', 'dekat', 'dengat', 'sanur', 'dan', 'lapangan', 'renon', '!']",[],TRUE
739,"['sudah', 'di', 'sampaikan', 'ke', 'airy', 'agent', ',', 'dan', 'tidak', 'ada', 'penyelesaian', 'sampai', 'sekarang', '.']",[],TRUE
744,"['saya', 'sangat', 'sangat', 'sangat', 'kecewa', 'sekali', '.']","[([-1], [1, 2, 3, 4, 5], 'NEG')]",FALSE
749,"['tidak', 'mengecewakan', '.', 'recommended', '!']","[([-1], [0, 1], 'POS'), ([-1], [3], 'POS')]",FALSE
759,"['saya', 'tidak', 'jadi', 'inap', ',', 'karena', 'ada', 'perubahan', 'jadwal', 'kegiatan', 'dan', 'di', 'airy', 'tidak', 'tersedia', 'kolom', 'refund', '.']",[],TRUE
768,"['puas', '.', 'bisa', 'istirahat', 'dengan', 'baik', '.']","[([-1], [0], 'POS')]",FALSE
776,"['good', ',', 'cuma', 'kalau', 'naik', 'tangga', 'ke', 'atas', 'lelah', 'juragan', '.']","[([-1], [0], 'POS')]",FALSE
779,"['mudahmudahan', 'lain', 'kali', 'dapat', 'yang', 'lebih', 'baik', 'kondisinya', ',', 'harga', 'boleh', 'murah', 'tetapi', 'tetap', 'kelayakan', 'harus', 'diutamakan', '.']",[],TRUE
781,"['lokasi', 'tengah', 'kota', '.', 'dekat', 'pusat', 'perbelanjaan', '.', 'tidak', 'nyesal', 'lah', '.']","[([-1], [8, 9], 'POS')]",FALSE
786,"['bersih', 'nyaman', ',', 'cuma', 'kadang', 'tiba', 'tiba', 'mati', 'listrik', '.']","[([-1], [0], 'POS'), ([-1], [1], 'POS')]",FALSE
789,"['bagus', ',', 'nyaman', ',', 'aman', 'dan', 'bersih', '.']","[([-1], [0], 'POS'), ([-1], [2], 'POS'), ([-1], [4], 'POS'), ([-1], [6], 'POS')]",FALSE
800,"['lumayan', 'lah', '.']","[([-1], [0], 'POS')]",FALSE
815,"['mantap', 'seperti', 'perumahan', 'begitu', '.']","[([-1], [0], 'POS')]",FALSE
826,"['awalnya', '.', 'kami', 'agak', 'sulit', 'mencari', ',', 'ternyata', 'ini', 'adalah', 'nama', 'yang', 'sama', 'oggi', 'house', 'yang', 'terdaftar', 'juga', 'di', 'list', '.']","[([-1], [3, 4, 5], 'NEG')]",FALSE
828,"['sangat', 'puas', 'so', 'far', '.', 'dengan', 'airy', '(', 'taman', 'remaja', 'kusuma', 'bangsa', 'surabaya', ')', '.']","[([-1], [0, 1], 'POS')]",FALSE
832,"['tidak', 'kedap', 'suara', ',', 'sehingga', 'suara', 'dari', 'luar', 'kamar', 'terdengar', 'jelas', 'dan', 'itu', 'sangat', 'menganggu', ',', 'seperti', 'tengah', 'malam', 'ada', 'suara', 'orang', 'dorongdorong', 'trolly', '.']","[([-1], [0, 1, 2], 'NEG')]",FALSE
836,"['lumayan', 'bagus', ',', 'resepsionis', 'harusnya', '24', 'jam', 'standby', '.']","[([-1], [0, 1], 'POS')]",FALSE
844,"['mantap', 'saudara', 'lakilaki', '.']","[([-1], [0], 'POS')]",FALSE
845,"['lebih', 'dari', 'cukup', 'untuk', 'di', 'kelasnya', '.']",[],TRUE
855,"['saat', 'check', 'in', ',', 'resepsionis', 'menelepon', 'administrator', 'untuk', 'ketersediaan', 'kamar', ',', 'dan', 'saya', 'disuruh', 'pindah', 'ke', 'caba', '.']",[],TRUE
862,"['bersih', 'dan', 'nyaman', '.']","[([-1], [0], 'POS'), ([-1], [2], 'POS')]",FALSE
865,"['mungkin', 'beberapa', 'hal', 'harus', 'diperbaiki', 'seperti', 'cat', 'tembok', 'di', 'beberapa', 'titik', 'mengelupas', 'bahkan', 'di', 'lift', 'srickerbya', 'sudah', 'lepas', 'sobek', '.']",[],TRUE
885,"['nyaman', 'dan', 'bersih', '.']","[([-1], [0], 'POS'), ([-1], [2], 'POS')]",FALSE
887,"['sangat', 'memuaskan', '.', 'recomended', '.']","[([-1], [0, 1], 'POS'), ([-1], [3], 'POS')]",FALSE
895,"['bagus', '.', 'nyaman', '.', 'bersih', '.']","[([-1], [0], 'POS'), ([-1], [2], 'POS'), ([-1], [4], 'POS')]",FALSE
909,"['nyaman', ',', 'aman', 'dan', 'tenang', '.']","[([-1], [0], 'POS'), ([-1], [2], 'POS'), ([-1], [4], 'POS')]",FALSE
911,"['karena', 'cek', 'outnya', 'jam', '00.40', 'wita', 'minta', 'sarapannya', 'di', 'ganti', 'dengan', 'makan', 'malam', 'tetapi', 'tidak', 'bisa', '.']",[],TRUE
924,"['lumayan', 'untuk', 'first', 'time', '.']","[([-1], [0], 'POS')]",FALSE
926,"['menyenangkan', 'sekali', 'bisa', 'liburan', 'bersama', 'keluarga', 'dan', 'menginap', 'di', 'airy', '.']","[([-1], [0, 1], 'POS')]",FALSE
927,"['kurang', 'ramah', '.']","[([-1], [0, 1], 'NEG')]",FALSE
954,"['karnaa', 'salah', 'masukkan', 'tanggal', 'jadi', 'nya', 'pembayaran', 'ini', 'sangat', 'siaa', 'sia', '.']","[([-1], [1, 2, 3], 'NEG')]",FALSE
983,"['baik', 'sarapan', 'ada', 'kue', 'kadang', 'nasi', 'kuning', 'bagus', 'pemilik', 'sering', 'kunjung', 'untuk', 'kontrol', '.']","[([-1], [0], 'POS')]",FALSE
984,"['lumayan', 'untuk', 'istirahat', '.', 'tetapi', 'lain', 'kali', 'tidak', 'pakai', 'bonus', 'kecoak', 'iya', '.']","[([-1], [0], 'POS')]",FALSE
991,"['bagus', 'saja', '.']","[([-1], [0, 1], 'NEU')]",FALSE
1000,"['lumayan', 'lah', 'hotel', 'dekat', 'ke', 'mana', 'mana', 'bisa', 'jalan', 'kaki', ',', 'dekat', 'juga', 'dari', 'bandara', '.']","[([-1], [0], 'POS')]",FALSE
1010,"['kamar', 'ditinggal', 'padahal', 'sudah', 'dikasih', 'tanda', 'minta', 'dibersihkan', 'dan', 'bilang', 'ke', 'resepsionis', 'tetapi', 'sampai', 'balik', 'ke', 'kamar', 'sorenya', 'masih', 'tidak', 'dibersihkan', ',', 'cuma', 'minta', 'maaf', 'tidak', 'ada', 'kompensasi', '.', 'ggwp', '.']",[],TRUE
1019,"['lumayan', 'lah', 'dengan', 'harga', 'segitu', '.']","[([-1], [0], 'POS')]",FALSE
1022,"['kalau', 'boleh', 'saya', 'putar', 'ulang', 'waktu', 'saya', 'tidak', 'akan', 'menginap', 'disini', '.']","[([-1], [7, 8, 9], 'NEG')]",FALSE
1029,"['nyaman', '.', 'sudah', 'sering', 'stay', 'disini', '.']","[([-1], [0], 'POS')]",FALSE
1032,"['cukup', 'memuaskan', '.', 'nanti', 'mau', 'menginap', 'di', 'sana', 'lagi', 'deh', '.']","[([-1], [0, 1], 'POS')]",FALSE
1036,"['karena', 'tidak', 'bisa', 'refund', 'atau', 'reschedule', '.']",[],TRUE
1041,"['lumayan', 'untuk', 'singgah', 'menghabiskan', 'waktu', 'istirahat', '.']","[([-1], [0], 'POS')]",FALSE
1051,"['cukup', 'nyaman', '.']","[([-1], [0, 1], 'POS')]",FALSE
1056,"['nyman', 'banget', 'mantap', '!', 'recommended', '.']","[([-1], [0, 1], 'POS'), ([-1], [2], 'POS'), ([-1], [4], 'POS')]",FALSE
1057,"['bersih', 'dan', 'ramah', 'banget', '.']","[([-1], [0], 'POS'), ([-1], [2, 3], 'POS')]",FALSE
1059,"['perfect', ',', 'sesuai', 'dengan', 'ekspektasi', 'saya', 'good', 'job', '.']","[([-1], [0], 'POS'), ([-1], [2, 3, 4], 'POS')]",FALSE
1069,"['bagus', ',', 'rapi', ',', 'seperti', 'rumah', '.']","[([-1], [0], 'POS'), ([-1], [2], 'POS')]",FALSE
1080,"['lumayan', 'hanya', 'untuk', 'transit', 'istirahat', 'dalam', 'perjalanan', '.']","[([-1], [0], 'POS')]",FALSE
1083,"['recomended', '.']","[([-1], [0], 'POS')]",FALSE
1086,"['wifinya', '.']",[],TRUE
1091,"['memuaskan', 'kok', ',', 'ada', 'karaoke', 'room', 'juga', 'loh', '.']","[([-1], [0], 'POS')]",FALSE
1102,"['lumayan', 'lah', '.', 'cuma', 'belinya', 'lewat', 'applikasi', 'saja', 'lebih', 'murah', '.']","[([-1], [0], 'POS')]",FALSE
1104,"['bersih', 'dan', 'nyaman', '.', 'cuma', 'arang', 'nomor', 'kamar', 'ke', 'atas', 'tidak', 'ada', '.', 'jadi', 'bingung', '.']","[([-1], [0], 'POS'), ([-1], [2], 'POS')]",FALSE
1124,"['saya', 'sarankan', 'inap', 'di', 'raz', 'hotel', 'pakai', 'airy', '.', 'oke', 'punya', '!']","[([-1], [9], 'POS')]",FALSE
1127,"['bagus', ',', 'nyaman', ',', 'bersih', '.', 'recommended', 'lah', '.']","[([-1], [0], 'POS'), ([-1], [2], 'POS'), ([-1], [4], 'POS'), ([-1], [6], 'POS')]",FALSE
1129,"['lumayan', 'worth', 'it', 'untuk', 'harga', 'promo', '.']","[([-1], [0], 'POS')]",FALSE
1137,"['oke', 'dengan', 'harga', 'kamarnya', '.']","[([-1], [0], 'POS')]",FALSE
1140,"['memberikan', 'segala', 'kemudahan', 'didunia', 'traveling', 'dengan', 'budget', 'yang', 'ekonomis', '.']",[],TRUE
1157,"['kamar', 'minta', 'dibersihkan', 'dulu', ',', 'baru', 'petugasnya', 'membersihkan', '.']",[],TRUE
1163,"['saya', 'harus', 'berjalan', 'kaki', 'sangat', 'jauh', 'karena', 'nebeng', 'parkir', 'di', 'gedung', 'lain', '.']",[],TRUE
1171,"['lumayan', 'lah', 'untuk', 'penginapan', 'saja', ',', 'oke', 'punya', '.']","[([-1], [0], 'POS'), ([-1], [6], 'POS')]",FALSE
1185,"['shower', 'nya', 'salah', 'warna', 'yang', 'dingin', 'jadi', 'panas', ',', 'yang', 'panas', 'jadi', 'dingin', '.']",[],TRUE
1192,"['selalu', 'suka', 'menginap', 'disini', '.']","[([-1], [1], 'POS')]",FALSE
1208,"['housekeeping', 'lebih', 'sering', 'melap', 'furniture', 'nya', 'saja', 'supaya', 'kamar', 'jadi', 'lebih', 'baik', '.']",[],TRUE
1213,"['banyak', 'serangga', ',', 'akhirnya', 'harus', 'pindah', 'ke', 'deluxe', '.']","[([-1], [0, 1], 'NEG')]",FALSE
1214,"['nyaman', 'banget', ',', 'sepi', ',', 'dekat', 'kota', 'dan', 'mall', '.']","[([-1], [0, 1], 'POS')]",FALSE
1218,"['kurang', 'cocok', 'untuk', 'keluarga', ',', 'lantai', 'bawah', 'dekat', 'dengan', 'toilet', ',', 'sehingga', 'kurang', 'nyaman', '.']","[([-1], [0, 1], 'NEG'), ([-1], [12, 13], 'NEG')]",FALSE
1223,"['tidak', 'bisa', 'bawa', 'anak', ',', 'hanya', '2', 'orang', 'yang', 'boleh', 'inap', '.']",[],TRUE
1226,"['untuk', 'yang', 'membawa', 'kendaraan', 'roda', 'dua', 'ada', 'parkiran', 'sendiri', 'yang', 'dibatasi', 'pagar', '.']",[],TRUE
1228,"['saat', 'itu', 'saya', 'bawa', '2', 'bayi', '.', 'jadi', 'keluar', 'hotel', 'hanya', 'untuk', 'ke', 'jatimpark', 'saja', '.']",[],TRUE
1233,"['sangat', 'baik', '.', 'semua', 'fasilitas', 'yang', 'dijanjikan', 'ada', '.']","[([-1], [0, 1], 'POS')]",FALSE
1255,"['tidak', 'diingatkan', 'pengembalian', 'uang', 'deposit', 'pada', 'saat', 'check', 'out', '.']",[],TRUE
1256,"['bersih', 'dan', 'sepi', 'hening', '.', 'cocok', 'untuk', 'istirahat', '.']","[([-1], [0], 'POS'), ([-1], [2,3], 'POS')]",FALSE
1257,"['nyaman', 'dan', 'tenang', '.']","[([-1], [0], 'POS'), ([-1], [2], 'POS')]",FALSE
1259,"['murah', ',', 'nyaman', 'dan', 'dekat', 'kemana', 'mana', '.']","[([-1], [0], 'POS'), ([-1], [2], 'POS')]",FALSE
1266,"['sangat', 'menyenangkan', 'bersih', 'dan', 'nyaman', '.']","[([-1], [0, 1], 'POS'), ([-1], [2], 'POS'), ([-1], [4], 'POS')]",FALSE
1270,"['baik', ',', 'ramah', ',', 'bersih', '.']","[([-1], [0], 'POS'), ([-1], [2], 'POS'), ([-1], [4], 'POS')]",FALSE
1271,"['kecewa', 'berat', 'dengan', 'pihak', 'airy', 'yang', 'tidak', 'sesuai', '.', 'saya', 'sudah', 'booking', 'dan', 'bayar', '.', 'tiba', 'saya', 'di', 'hotel', 'karena', 'saya', 'tidak', '1', 'kota', 'di', 'tempat', 'saya', 'ingin', 'menginap', '.', 'mengapa', 'kamar', 'saya', 'bahkan', 'di', 'jual', '.', 'dan', 'saya', 'ingin', 'uang', 'saya', 'kembali', '.']","[([-1], [0, 1], 'NEG')]",FALSE
1274,"['dekat', 'dengan', 'kawasan', 'kuliner', ',', 'saat', 'masuk', 'ke', 'lokasi', 'harus', 'masuk', 'melalui', 'rumah', 'makan', 'dan', 'naik', 'ke', 'lanta', '.']",[],TRUE
1277,"['buat', 'saya', 'ini', 'yang', 'kedua', 'kali', 'bermlm', 'di', 'hotel', 'citi', 'smart', 'gatsu', '.', 'terimakasih', '.']",[],TRUE
1280,"['sencond', 'time', 'menginap', 'disini', '.', 'dan', 'pasti', 'bakal', 'balik', 'lagi', ':', ')', '.']",[],TRUE
1300,"['sudah', 'berkali', 'kali', 'menginap', 'disini', 'dan', 'tidak', 'pernah', 'kecewa', '.']","[([-1], [6, 7, 8], 'POS')]",FALSE
1304,"['nyaman', 'bersih', ',', 'dan', 'dekat', 'dengan', 'pusat', 'kota', '.']","[([-1], [0], 'POS'), ([-1], [1], 'POS')]",FALSE
1305,"['cukup', 'baik', 'untuk', 'airy', 'eco', '.']","[([-1], [0, 1], 'POS')]",FALSE
1308,"['bagus', '.', 'bersih', '.', 'tenang', '.']","[([-1], [0], 'POS'), ([-1], [2], 'POS'), ([-1], [4], 'POS')]",FALSE
1314,"['super', 'sekali', '.']","[([-1], [0, 1], 'POS')]",FALSE
1335,"['direkomendasikan', 'untuk', 'kelas', 'budget', '.']","[([-1], [0], 'POS')]",FALSE
1336,"['pas', 'banget', 'buat', 'liburan', ',', 'kmna', 'dekat', '.']","[([-1], [0, 1], 'POS')]",FALSE
1355,"['enak', 'banget', 'nyaman', ',', 'feels', 'like', 'home', '.']","[([-1], [0, 1], 'POS'), ([-1], [2], 'POS')]",FALSE
1359,"['lokasi', 'dekat', 'malioboro', 'dan', 'tugu', 'jogja', '.']",[],TRUE
1367,"['reservasi', 'dari', 'aplikasi', ',', 'sungguh', 'menjebak', '.', 'saya', 'input', 'tanggal', 'yang', 'benar', ',', 'tetapi', 'ketika', 'searching', 'masih', 'menggunakan', 'tanggal', 'hari', 'ini', '.', 'saya', 'telepon', 'pihak', 'hotel', 'dan', 'cs', 'keduanya', 'tidak', 'mau', 'tahu', '.', 'padahal', 'saya', 'ingin', 'menginap', 'dihotel', 'ini', '.', 'pertama', 'kali', 'pakai', 'aplikasi', 'airy', ',', 'langsung', 'mengecewakan', '.']","[([-1], [47], 'NEG')]",FALSE
1369,"['so', 'far', 'so', 'good', ',', 'hanya', 'kurang', 'petunjuk', 'kiblat', 'saja', '.']",[],TRUE
1390,"['ekonomis', ',', 'dekat', 'ke', 'plaza', 'semanggi', ',', 'dekat', 'ke', 'jalan', 'tol', ',', 'dekat', 'ke', 'pasar', 'benhil', '.']","[([-1], [0], 'POS')]",FALSE
1392,"['dekat', 'tempat', 'jajanan', '.', 'pokoknya', 'nyaman', 'deh', '.']","[([-1], [5], 'POS')]",FALSE
1400,"['menginap', 'ke', '3', 'kalinya', '.', 'karena', 'dipusat', 'kota', '.']",[],TRUE
1403,"['memuaaskan', 'bersih', ',', 'nyaman', ',', 'murah', 'dan', 'ke', 'bandara', 'tinggal', 'jalan', 'kaki', '.']","[([-1], [0], 'POS'), ([-1], [1], 'POS'), ([-1], [3], 'POS'), ([-1], [5], 'POS')]",FALSE
1410,"['lampu', 'di', 'atas', 'ranjang', 'lepas', 'kena', 'jidat', 'saya', ',', 'makanannya', 'kenapa', 'dibedakan', 'antara', 'yang', 'saur', 'dan', 'tidak', ',', 'yang', 'saur', 'dikasih', 'prasmanan', ',', 'yang', 'tidak', 'saur', 'dikasih', 'piring', 'terbang', '.']",[],TRUE
1411,"['baguus', 'banget', '.', 'sesuai', 'sama', 'yang', 'difoto', '.']","[([-1], [0, 1], 'POS'), ([-1], [3], 'POS')]",FALSE
1420,"['bersih', ',', 'ramah', 'gratis', 'ke', 'bandara', ',', 'senang', 'deh', '.']","[([-1], [0], 'POS'), ([-1], [2], 'POS')]",FALSE
1425,"['dapat', 'potongan', 'harga', 'dari', 'airy', ',', 'terimakasih', 'airy', '.']",[],TRUE
1443,"['datang', 'sampai', 'bandung', 'sekitar', 'jam', '12', 'malam', '.', 'ternyata', 'pas', 'ketempat', 'ini', ',', 'gerbang', 'di', 'kunci', ',', 'nmer', 'tlfon', 'tidak', '.']",[],TRUE
1445,"['sedikit', 'saran', 'mohon', 'pihak', 'management', 'prepare', 'genset', '.']",[],TRUE
1452,"['recommended', 'buat', 'traveler', 'yang', 'mau', 'inap', 'di', 'tengah', 'kota', 'dengan', 'kalau', 'cost', 'price', '.']","[([-1], [0], 'POS')]",FALSE
1465,"['kalau', 'minta', 'buku', 'nikah', 'itu', 'di', 'awal', 'ketika', 'check', 'in', ',', 'bukan', 'tengah', 'malam', '.']",[],TRUE
1467,"['baik', ',', 'aman', 'dan', 'nyaman', '.']","[([-1], [0], 'POS'), ([-1], [2], 'POS'), ([-1], [4], 'POS')]",FALSE
1486,"['kumuh', 'dan', 'kotor', ',', 'kurang', 'terawat', '.']","[([-1], [0], 'NEG'), ([-1], [2], 'NEG'), ([-1], [4, 5], 'NEG')]",FALSE
1491,"['bau', 'pesing', '.', 'tolong', 'di', 'perhatikan', '.', 'kotor', 'juga', '.']","[([-1], [0, 1], 'NEG'), ([-1], [7], 'NEG')]",FALSE
1496,"['bagus', ',', 'keren', '.']","[([-1], [0], 'POS'), ([-1], [2], 'POS')]",FALSE
1510,"['smoking', 'area', 'ditambah', 'lebih', 'baik', 'lagi', 'untuk', 'paling', 'atas', ',', 'terimakasih', 'airyrooms', 'sucses', 'ahmad', 'r', '.']",[],TRUE
1512,"['pengharum', 'ruangan', '.']",[],TRUE
1514,"['hotelnya', 'dekat', 'banget', ',', 'sama', 'tempat', 'tempat', 'wisata', 'dalam', 'kota', '.']",[],TRUE
1515,"['kotor', '.']","[([-1], [0], 'NEG')]",FALSE
1516,"['sebenarnya', 'saya', 'tidak', 'tahu', 'menyenangkan', 'apa', 'tidak', ',', 'tetapi', 'sejauh', 'ini', 'tidak', 'ada', 'keluhan', 'dari', 'orang', 'tua', 'saya', 'yang', 'menginap', 'di', 'tempat', 'ini', ':', ')', '.']",[],TRUE
1519,"['sangat', 'memuaskan', 'saya', 'senang', 'sekali', 'menginap', 'disini', '.']","[([-1], [0, 1], 'POS'), ([-1], [3, 4], 'POS')]",FALSE
1523,"['sayang', 'deh', 'sudah', 'tidak', 'ada', 'promo', 'itu', 'lagi', 'sekarang', ':', '(', 'so', 'far', 'dibandingkan', 'aplikasi', 'sejenis', 'airy', 'lebih', 'unggul', 'sih', '.']",[],TRUE
1524,"['tempat', 'makan', 'banyak', '.']",[],TRUE
1525,"['nyaman', ',', 'bersih', ',', 'dan', 'murah', '.']","[([-1], [0], 'POS'), ([-1], [2], 'POS'), ([-1], [5], 'POS')]",FALSE
1533,"['pesanan', 'hangus', 'sebelum', 'check', 'in', '.']",[],TRUE
1540,"['hotel', 'yang', 'sangat', 'mengerti', 'kebutuhan', 'tamu', 'yang', 'akan', 'transit', 'kebatam', ',', '.']",[],TRUE
1542,"['lumayan', 'oke', 'lah', 'buat', 'traveller', '.']","[([-1], [0, 1], 'POS')]",FALSE
1548,"['waktu', 'itu', 'terpaksa', 'menginap', 'di', 'sini', 'tidak', 'bisa', 'bapak', '.']",[],TRUE
1550,"['telepon', 'bantuan', 'di', 'nomor', 'yang', 'diberikan', 'tidak', 'diangkat', '.', 'turun', 'ke', 'keamanan', 'diminta', 'bayar', 'token', 'listriknya', 'untuk', 'dinyalakan', 'kembali', '.', 'setelah', 'keluhan', 'akhirnya', 'pihak', 'marketing', 'yang', 'menyalakan', 'kembali', '.', 'all', 'in', 'all', 'mengecewakan', '.']","[([-1], [32], 'NEG')]",FALSE
1558,"['enaakkmuraahh', 'dan', 'baguss', '.']","[([-1], [0], 'POS'), ([-1], [2], 'POS')]",FALSE
1559,"['nyaman', '.', 'hampir', 'sempurna', '.']","[([-1], [0], 'POS'), ([-1], [2, 3], 'POS')]",FALSE
1571,"['rekomen', 'banget', 'di', 'hotel', 'ini', ',', 'bersih', 'dan', 'nyaman', '.']","[([-1], [0, 1], 'POS'), ([-1], [6], 'POS'), ([-1], [8], 'POS')]",FALSE
1575,"['nyaman', 'pokoknya', '.', 'kalau', 'ke', 'bangka', 'ingin', 'menginap', 'disini', 'lagi', '.']","[([-1], [0], 'POS')]",FALSE
1577,"['baik', 'sangat', 'nyaman', 'sekali', '.', 'promo', 'di', 'airi', 'menyenangkan', '.']","[([-1], [1,2,3], 'POS')]",FALSE
1587,"['airy', 'progo', 'adalah', 'bangunan', 'yang', 'sama', 'dengan', 'hotel', 'progo', '.', 'sedang', 'renovasi', 'sehingga', 'berisik', '.', 'breakfast', 'siap', 'jam', '7', ',', 'tidak', 'ada', 'perlakuan', 'khusus', 'jika', 'check', 'out', 'seblm', 'breakfast', '.', 'termasuk', 'kami', 'yang', 'harus', 'segera', 'brkt', 'seblm', 'jam', '6pagi', '.']",[],TRUE
1594,"['ada', 'renovasi', 'gedebak', 'gedebuk', ',', 'buat', 'tidak', 'bisa', 'tidur', '.', 'tidak', 'bisa', 'istirahat', '.']",[],TRUE
1596,"['nyaman', ',', 'bersih', '.', 'semoga', 'cepat', 'selesai', 'renovasinya', '.']","[([-1], [0], 'POS'), ([-1], [2], 'POS')]",FALSE
1597,"['baik', '.', 'hanya', 'saja', 'di', 'kamar', 'saya', 'terdapat', 'senyum', 'sehingga', 'breakfast', 'mealnya', 'tidak', 'dapat', 'saya', 'makan', '.']",[],TRUE
1603,"['ketika', 'datang', 'airy', 'nya', 'belum', 'disiapkan', ',', 'sampai', 'checkout', 'juga', 'belum', 'dikasih', 'fasilitas', 'airynya', '.']",[],TRUE
1618,"['orangorangnya', 'ramah', 'next', 'kesini', 'lagi', '.']",[],TRUE
1636,"['aman', 'dan', 'nyaman', '.']","[([-1], [0], 'POS'), ([-1], [2], 'POS')]",FALSE
1640,"['agak', 'seram', 'iya', '.', 'banyak', 'gbrgbr', 'anehaneh', '.', 'gelapgelap', '.', 'tidak', 'bisa', 'tidur', 'semlman', '.']","[([-1], [0, 1], 'NEG'), ([-1], [8], 'NEG')]",FALSE
1644,"['bagus', '.', 'bersih', '.', 'nyaman', '.', 'sore', 'nya', 'keliling', 'naik', 'becak', 'yang', 'ada', 'di', 'depan', 'penginapan', '.']","[([-1], [0], 'POS'), ([-1], [2], 'POS'), ([-1], [4], 'POS')]",FALSE
1647,"['alamat', 'tidak', 'ktemu', '.', 'di', 'telepon', 'tidak', 'direspon', '.', 'merugikan', '!']",[],TRUE
1651,"['murah', 'recommended', 'booking', 'pakai', 'airy', 'jauh', 'lebih', 'murah', '.']","[([-1], [0], 'POS'), ([-1], [1], 'POS')]",FALSE
1655,"['tidak', 'sesuai', 'foto', 'terlalu', 'brusik', 'dari', 'luar', '.']","[([-1], [0, 1, 2], 'NEG'), ([-1], [3, 4], 'NEG')]",FALSE
1657,"['sarapan', 'pagi', 'menu', 'gudek', 'khas', 'yogyakarta', '.']",[],TRUE
1671,"['nyaman', 'bersih', 'dan', 'luar', 'biasa', '.', 'pelayanan', 'lebih', 'dari', 'hotel', '.']","[([-1], [0, 1], 'POS'), ([-1], [3, 4], 'POS')]",FALSE
1680,"['3', 'malam', '3x', 'pindah', '.', 'disini', 'paling', 'nyaman', '.']","[([-1], [6, 7], 'POS')]",FALSE
1681,"['bagus', ',', 'tetapi', 'lebih', 'nyaman', 'kalau', 'ac', 'tidak', 'terlalu', 'jauh', 'apalagi', 'terbatas', 'tembok', '.']",[],TRUE
1684,"['bersih', 'dan', 'nyaman', '.']","[([-1], [0], 'POS'), ([-1], [2], 'POS')]",FALSE
1686,"['berisik', 'sekali', 'mengganggu', 'tamu', 'yang', 'menginap', '.', 'mohon', 'perbaikan', '.', 'terimakasih', '.']","[([-1], [0, 1], 'NEG')]",FALSE
1687,"['resepsionis', 'tengah', 'malam', 'itu', 'mengambil', 'charge', 'dan', 'disimpan', 'ke', 'kantong', 'sendiri', 'kayaknya', '.', 'bahkan', 'kita', 'sampesampe', 'pada', 'ngantuk', 'bahkan', 'ribet', 'prosesnya', '.']",[],TRUE
1696,"['recommended', 'buat', 'traveling', 'dan', 'transit', '.']","[([-1], [0], 'POS')]",FALSE
1703,"['mantap', 'sangat', '.']","[([-1], [0, 1], 'POS')]",FALSE
1704,"['bersih', 'nyaman', '.']","[([-1], [0, 1], 'POS')]",FALSE
1710,"['nyaman', 'dan', 'bersih', '.']","[([-1], [0], 'POS'), ([-1], [2], 'POS')]",FALSE
1715,"['bingung', 'sampai', 'mutermuter', 'cari', 'airy', 'hotel', 'nya', '.', 'telepon', 'pelayanan', 'nya', ',', 'terlalu', 'banyak', 'pertanyaan', 'yang', 'harus', 'dijawab', 'hanya', 'untuk', 'tahu', 'alamat', 'airy', 'yang', 'sebenarnya', '.', 'aneh', 'satu', 'alamat', 'terdapat', 'dua', 'hotel', '.']",[],TRUE
1719,"['bersih', ',', 'enak', 'dan', 'nyaman', '.']","[([-1], [0], 'POS'), ([-1], [2], 'POS'), ([-1], [4], 'POS')]",FALSE
1725,"['bagus', '.', 'recommended', '.']","[([-1], [0], 'POS'), ([-1], [2], 'POS')]",FALSE
1728,"['keren', 'banget', '.', 'mau', 'singgah', 'lagi', '.']","[([-1], [0, 1], 'POS')]",FALSE
1730,"['baik', ',', 'bersih', 'dan', 'ramah', '.']","[([-1], [0], 'POS'), ([-1], [2], 'POS'), ([-1], [4], 'POS')]",FALSE
1734,"['klau', 'bisa', 'nanti', 'bisa', 'disiapkan', 'sarapan', 'pagi', '.']",[],TRUE
1744,"['sesuai', 'dengan', 'janji', ',', 'rekomended', '.']","[([-1], [4], 'POS')]",FALSE
1746,"['pas', 'banget', 'buat', 'kelas', 'seperti', 'saya', ',', 'pas', 'di', 'dompet', 'harganya', '.']","[([-1], [0, 1], 'POS')]",FALSE
1749,"['menginap', '4', 'hari', 'disini', 'sangat', 'menyenangkan', '.']","[([-1], [4, 5], 'POS')]",FALSE
1751,"['bersih', 'nyaman', 'dan', 'bersahabat', '.']","[([-1], [0, 1], 'POS'), ([-1], [3], 'POS')]",FALSE
1755,"['so', 'far', 'good', '.', 'terimakasih', 'airy', '.']","[([-1], [0, 1, 2], 'NEU')]",FALSE
1759,"['lokasi', 'di', 'perumahan', 'dan', 'pojok', 'sekali', ',', 'tetapi', 'daerah', 'itu', 'cukup', 'oke', 'untuk', 'yang', 'mau', 'ke', 'jalan', 'namanama', 'gunung', 'di', 'malang', 'karena', 'dekat', '.']",[],TRUE
1761,"['saya', 'tidak', 'sampai', 'semalam', 'hanya', 'singgah', 'saja', 'tetapi', 'memuaskan', '.']","[([-1], [8], 'POS')]",FALSE
1762,"['sangat', 'menyenangkan', '.']","[([-1], [0, 1], 'POS')]",FALSE
1763,"['tetap', 'baik', 'dan', 'nyaman', '.', 'semoga', 'terus', 'berinovasi', '.']","[([-1], [1], 'POS'), ([-1], [3], 'POS')]",FALSE
1778,"['lumayan', 'asyik', '.']","[([-1], [0, 1], 'POS')]",FALSE
1780,"['dekat', 'dengan', 'bandara', ',', 'walaupun', 'sedikit', 'sempit', 'dan', 'harus', 'naik', 'tangga', 'kalau', 'mau', 'ke', 'kasur', 'tetapi', 'untuk', 'yang', 'niatnya', 'cuma', 'transit', 'sudah', 'cukup', 'memadai', '.', 'tombol', 'lampu', 'sebaiknya', 'dipindah', 'di', 'dekat', 'kasur', 'saja', 'supaya', 'gampang', 'diakses', '.']","[([-1], [5, 6], 'NEG'), ([-1], [22, 23], 'NEU')]",FALSE
1787,"['taman', 'belakangnya', 'juga', 'buat', 'betah', '.']",[],TRUE
1788,"['sangat', 'puas', '.', 'terbaik', '.']","[([-1], [0, 1], 'POS'), ([-1], [3], 'POS')]",FALSE
1791,"['dengan', 'budget', 'segitu', 'sudah', 'dangat', 'bagus', '.']","[([-1], [4, 5], 'POS')]",FALSE
1792,"['mau', 'lanjut', 'mkm', 'ini', 'bagaimana', 'cara', '.']",[],TRUE
1796,"['lokasi', 'agak', 'kedalam', '.', 'tidak', 'ada', 'tanda', 'tanda', 'di', 'jalan', 'besar', 'sehingga', 'menyulitkan', 'pencarian', '.']",[],TRUE
1797,"['bersih', 'dan', 'rapi', '.']","[([-1], [0], 'POS'), ([-1], [2], 'POS')]",FALSE
1809,"['lumayan', 'lah', '.', 'sesuai', 'harga', '.', 'tetapi', 'jauh', 'tmpatnya', '.']","[([-1], [0], 'POS'), ([-1], [3, 4], 'POS')]",FALSE
1815,"['ini', 'merupakan', 'kali', 'ke', '3', 'kami', 'menginap', 'di', 'hotel', 'ini', '.', 'semakin', 'lama', 'semakin', 'bagus', '.']",[],TRUE
1827,"['air', 'minum', 'cuma', 'di', 'kasi', 'waktu', 'pertama', 'datang', '.', 'padahal', 'menginap', '7', 'malam', '.', 'cuma', 'hari', 'terakhir', 'di', 'minta', '.']",[],TRUE
1828,"['lumayan', 'buat', 'istirahat', 'sesaat', '.', 'terimakasih', '.']",[],TRUE
1830,"['wifi', 'di', 'lantai', '3', ',', 'sedang', 'dalam', 'perbaikan', '.', 'mohon', 'secepatnya', 'bisa', 'selesai', '.', 'harapan', 'kami', ',', 'ketika', 'kembali', 'menginap', 'wifi', 'sdah', 'bisa', 'digunakan', '.', 'terimakasih', '.']",[],TRUE
1841,"['ramah', ',', 'baik', '.', 'enak', 'pokoknya', '.']","[([-1], [0], 'POS'), ([-1], [2], 'POS'), ([-1], [4], 'POS')]",FALSE
1843,"['terimakasih', 'barang', 'aaya', 'merasa', 'puas', '.']",[],TRUE
1844,"['saya', 'rasa', 'terlalu', 'banyak', 'kalau', 'deposit', 'nya', 'rp.100.000', '.', 'hotel', 'lain', 'ratarata', 'cuma', 'rp.50.000', '.']",[],TRUE
1845,"['sangat', 'nyaman', '.']","[([-1], [0, 1], 'POS')]",FALSE
1848,"['agak', 'berbeda', 'dengan', 'kamar', 'biasa', ',', 'souvernir', 'makanan', 'ringan', 'di', 'kamar', 'sampai', 'perlengkapan', 'toilet', 'khusus', 'dari', 'airy', '.', 'tidak', 'nyesal', 'milih', 'hotel', 'dengan', 'airy', 'room', '.', 'murah', 'tetapi', 'juga', 'sangat', 'memuaskan', '.', 'next', 'pasti', 'akan', 'pakai', 'airy', 'room', 'lagi', '.']",[],TRUE
1853,"['kecewa', 'banget', '.']","[([-1], [0, 1], 'NEG')]",FALSE
1860,"['ada', 'harga', 'ada', 'kualitas', ',', 'airy', 'oke', 'lah', 'pokoknya', '.']",[],TRUE
1868,"['nyaman', 'dan', 'bersih', '.']","[([-1], [0], 'POS'), ([-1], [2], 'POS')]",FALSE
1869,"['disuruh', 'denda', '.', 'bagaimana', 'sih', 'keamanan', 'yang', 'cek', 'kamar', '.', 'kalau', 'memang', 'ada', 'noda', 'dari', 'sebelum', 'nya', 'iya', 'bersihkan', 'dulu', 'dong', 'roomnya', '.', 'jangan', 'dibuat', 'permainan', 'jebakan', 'untuk', 'kena', 'denda', '.', 'terimakasih', '.']",[],TRUE
1875,"['ini', 'bukan', 'grage', 'seperti', 'saat', 'pemesanan', 'saya', 'lakukan', '.', 'ternyata', 'ini', 'pondok', 'mas', 'kost', 'eksklusif', '.']",[],TRUE
1880,"['kali', 'ini', 'dapat', 'kamar', 'dekat', 'kolam', 'renang', ',', 'anakanak', 'senang', ',', 'menu', 'sarapan', 'sudah', 'sesuai', 'keinginan', ',', 'sipp', '.']","[([11, 12], [13, 14, 15], 'POS')]",FALSE
1885,"['masih', 'oke', 'lah', '.']","[([-1], [0, 1], 'NEU')]",FALSE
1903,"['bersih', 'dan', 'nyaman', 'juga', 'sangat', 'ramah', '.']","[([-1], [0], 'POS'), ([-1], [2], 'POS'), ([-1], [4, 5], 'POS')]",FALSE
1905,"['yang', 'perlu', 'diperbaiki', 'ketika', 'saya', 'kontak', 'cs', 'airy', 'untuk', 'late', 'check', 'in', ',', 'dan', 'dikasih', 'nomor', 'yang', 'katanya', 'airy', 'eco', 'ini', ',', 'setelah', 'saya', 'kontak', 'tidak', 'sambung', ',', 'ternyata', 'dari', 'pihak', 'hotelnya', 'terutama', 'yang', 'jaga', ',', 'mengaku', 'tidak', 'ada', 'yang', 'memiliki', 'nomor', 'hp', 'yang', 'dikasih', 'dari', 'cs', 'airy', ',', 'mungkin', 'perlu', 'di', 'update', 'data', 'nomor', 'yang', 'bisa', 'dihubunginya', '.']",[],TRUE
1906,"['saya', 'ketukketuk', 'pintu', 'dan', 'tlpon', 'tidak', 'ada', 'yang', 'jawab', '.', 'akhirnya', 'pukul', '01.00', 'saya', 'tinggalkan', 'lokasi', 'dan', 'pergi', 'ke', 'hotel', 'lain', '.']",[],TRUE
1918,"['sangat', 'bagus', 'dan', 'memuaskan', 'sekali', 'menginapbnya', '.']","[([-1], [0, 1], 'POS'), ([-1], [3, 4], 'POS')]",FALSE
1921,"['saya', 'sangat', 'kecewa', '.', 'saya', 'jauh', 'jauh', 'mana', 'mencari', 'alamt', 'nya', 'salah', 'hotel', 'di', 'dalam', '.', 'sdah', 'sampae', 'sana', 'bahkan', 'di', 'suruh', 'samlai', 'jam', '2', '.', 'akhir', 'nya', 'saya', 'pergi', 'tanpa', 'harus', 'pernah', 'masuk', 'hotel', 'ini', '.', 'walau', '1', 'menit', 'sekalipun', '.', 'bagai', 'mana', 'tanggapan', 'nya', '.']","[([-1], [1, 2], 'NEG')]",FALSE
1925,"['sangat', 'terbantu', '.']","[([-1], [0, 1], 'POS')]",FALSE
1933,"['ini', 'recommended', 'banget', '.', 'terimakasih', 'airy', 'room', '.']","[([-1], [1, 2], 'POS')]",FALSE
1934,"['bersih', ',', 'nyaman', ',', 'strategis', '.']","[([-1], [1, 2], 'POS')]",FALSE
1937,"['nyaman', ',', 'tenang', ',', 'tidak', 'jauh', 'dari', 'pusat', 'kota', 'blitar', '.']","[([-1], [0], 'POS'), ([-1], [2], 'POS'), ([-1], [4], 'POS')]",FALSE
1953,"['sesuai', 'harapan', 'saya', 'saat', 'memesan', '.']","[([-1], [0, 1], 'POS')]",FALSE
1963,"['bersih', 'rapi', 'lokasi', 'kemana', 'mana', 'dekat', '.']","[([-1], [0], 'POS'), ([-1], [1], 'POS')]",FALSE
1969,"['bangunan', 'baru', '.', 'tetapi', 'suara', 'luar', 'kamar', 'kedengeran', 'sampai', 'ke', 'dalam', 'kamar', '.']",[],TRUE
1973,"['bersih', '.', 'luas', '.']","[([-1], [0], 'POS'), ([-1], [2], 'POS')]",FALSE
1980,"['baik', 'sudah', 'bagus', '.']","[([-1], [0], 'POS'), ([-1], [2], 'POS')]",FALSE
1984,"['bagus', 'bersih', ',', 'langganan', 'menginap', 'sini', '.']","[([-1], [0], 'POS'), ([-1], [1], 'POS')]",FALSE
1989,"['lumayan', 'bersih', 'dan', 'terjangkau', '.', 'bagus', '!']","[([-1], [0, 1], 'POS'), ([-1], [3], 'POS')]",FALSE
1992,"['bagus', ',', 'tetapi', 'kurang', 'bersih', '.']","[([-1], [0], 'POS'), ([-1], [3, 4], 'NEG')]",FALSE
1993,"['saya', 'berulangberulang', 'nyapu', 'sendiri', 'saking', 'banyak', 'semut', 'dan', 'kalau', 'keluar', 'sedikit', 'dari', 'pntu', 'kotornya', 'bukan', 'main', '.', 'saya', 'nyesal', 'di', 'airy', 'ini', '.']","[([-1], [18], 'NEG')]",FALSE
1997,"['harus', 'balik', 'lagi', '.']",[],TRUE
1999,"['tidak', 'rugi', 'deh', 'booked', 'dengan', 'sarapan', '.']",[],TRUE
2003,"['paling', 'nyaman', 'dari', 'yang', 'prnah', 'saya', 'inap', '.']","[([-1], [0, 1], 'POS')]",FALSE
2018,"['makan', 'jajan', 'nya', 'anak', 'saya', 'langsung', 'gatalgatal', ',', 'menginap', 'di', 'airy', 'lain', 'tidak', 'ada', 'itu', 'jajan', 'yang', 'banyak', 'msg', 'seperti', 'begini', '.', 'nyesal', 'sudah', 'booking', '.']",[],TRUE
2020,"['untuk', 'harga', 'segitu', ',', 'iya', 'pas', 'untuk', 'singgah', 'sejenak', ',', '(', 'masuk', 'malam', ',', 'keluar', 'pagi', ')', '.']",[],TRUE
2023,"['saya', 'menginap', 'disini', 'untuk', 'ke', '2kali', '.', 'di', 'situ', ',', 'disebut', 'kolam', 'renang', 'adl', 'fasilitas', 'yang', 'diberikan', 'penginapan', ',', 'tetapi', 'saat', 'saya', 'mau', 'berenang', '.', 'saya', 'ditagih', 'untuk', 'membayarnya', '.', 'berarti', 'uang', 'yang', 'saya', 'keluarkan', 'harus', '2', 'kali', 'lipat', '.', 'saya', 'kecewa', '.']","[([-1], [41], 'NEG')]",FALSE
2026,"['biasa', 'saja', '.', 'sewa', '4', 'kamar', 'ada', 'saja', 'kekurangannya', '.']","[([-1], [0, 1], 'NEU'), ([5], [6, 7, 8], 'NEG')]",FALSE
2028,"['baik', ',', 'nyaman', 'cocok', 'buat', 'keluarga', '.']","[([-1], [0], 'POS'), ([5], [2], 'NEG')]",FALSE
2031,"['dari', 'sekian', 'hotel', 'dari', 'beberapa', 'kota', 'yang', 'pernah', 'kita', 'inap', ',', 'baru', 'hotel', 'ini', 'yang', 'sediakan', 'jam', 'dinding', 'di', 'dalam', 'kamarnya', '.', 'unik', 'dan', 'keren', '.']","[([-1], [22], 'POS'), ([-1], [24], 'POS')]",FALSE
2032,"['tidak', 'cocok', 'untuk', 'keluarga', '.', 'kamar', 'campur', 'dengan', 'ruang', 'karoke', ',', '.']","[([-1], [0, 1], 'NEG')]",FALSE
2037,"['sangat', 'puas', 'menginap', 'disini', '.']","[([-1], [0, 1], 'POS')]",FALSE
2049,"['puas', 'banget', 'menginap', 'disini', ',', 'depan', 'jatim', 'park', '2', 'dekat', 'mau', 'kemana', '""', 'terus', 'klu', 'mau', 'beli', 'makan', 'pun', 'banyak', 'yang', 'jual', 'jadi', 'tidak', 'perlu', 'repot', '""', '.']","[([-1], [0, 1], 'POS')]",FALSE
2053,"['terima', 'kasih', '.']",[],TRUE
2061,"['baik', 'dan', 'ramah', '.']","[([-1], [0, 1], 'POS')]",FALSE
2065,"['saya', 'mau', 'boking', 'lagi', 'ini', 'hari', 'sudah', 'penuh', '.', 'pime', '?']",[],TRUE
2069,"['kurang', 'memadai', '.']","[([-1], [0, 1], 'NEG')]",FALSE
2072,"['keluarga', 'saya', 'senang', 'menginap', 'disini', '.', 'nyaman', 'sekali', '.']","[([3, 4], [2], 'POS'), ([3, 4], [6, 7], 'POS')]",FALSE
2096,"['rekomen', 'buat', 'traveler', 'yang', 'mau', 'ke', 'batam', '.']","[([-1], [0], 'POS')]",FALSE
2097,"['pengalaman', 'saya', 'inap', 'disini', 'sejauh', 'ini', 'saya', 'suka', 'sangat', 'nyaman', ',', 'hanya', 'snack', 'dari', 'airy', 'sisa', 'dari', 'visitor', 'sebelumnya', '.']","[([-1], [8, 9], 'POS')]",FALSE
2103,"['saran', 'saja', 'ada', 'keran', 'untuk', 'wudhu', 'di', 'dalam', 'kamar', 'mandi', '.', 'karena', 'di', 'dalam', 'kamar', 'mandi', 'cuma', 'ada', 'shower', 'sama', 'keran', 'wc', '.', 'terimakasih', '.']",[],TRUE
2115,"['berkesan', 'bisa', 'menikmati', 'liburan', '.']","[([-1], [0], 'POS')]",FALSE
2122,"['sangat', 'memuaskan', ',', 'cekin', 'tengah', 'malam', 'masih', 'di', 'layani', '.']","[([-1], [0, 1], 'POS')]",FALSE
2127,"['nyaman', 'dan', 'bersih', '.']","[([-1], [0], 'POS'), ([-1], [2], 'POS')]",FALSE
2129,"['kamar', 'budgett', 'sekali', 'di', 'jakarta', '.']","[([0], [1, 2], 'NEG')]",FALSE
2132,"['nyaman', 'dan', 'memuaskan', '.']","[([-1], [0], 'POS'), ([-1], [2], 'POS')]",FALSE
2134,"['awal', 'nya', 'susah', 'cari', 'alamatnya', 'tetapi', 'di', 'no', 'telepon', 'lokasi', 'baru', 'saya', 'bisa', 'temukan', 'alamat', 'nya', 'akibat', 'jadwal', '.']","[([4], [2, 3], 'NEG')]",FALSE
2142,"['enak', 'dan', 'nyaman', '.']","[([-1], [0], 'POS'), ([-1], [2], 'POS')]",FALSE
2146,"['nyaman', ',', 'akses', 'ke', 'tempat', 'belanja', 'dekat', '.']","[([-1], [0], 'POS'), ([2, 3, 4, 5], [6], 'POS')] ",FALSE
2157,"['nyaman', '.', 'terimakasih', 'airy', '.']","[([-1], [0], 'POS')] ",FALSE
2161,"['transit', 'semalam', 'di', 'mataram', 'menginap', 'disini', 'sangat', 'nya', '.']",[],TRUE
2162,"['tingkatkan', 'terus', 'kebersihanya', 'agar', 'pelanggan', 'nyaman', '.']",[],TRUE
2171,"['bagus', 'banget', '.', 'memuaskan', '.']","[([-1], [0, 1], 'POS'), ([-1], [3], 'POS')] ",FALSE
2176,"['saya', 'tidak', 'jadi', 'menginap', ',', 'tetapi', 'tidak', 'bisa', 'di', 'refund', '.']",[],TRUE
2178,"['next', 'kalau', 'ada', 'dinas', 'dekat', 'situ', 'lagi', ',', 'insya', 'allah', 'akan', 'menginap', 'di', 'sini', 'lagi', '.']",[],TRUE
2183,"['murah', ',', 'nyaman', ',', 'strategis', '.']","[([-1], [0], 'POS'), ([-1], [2], 'POS'), ([-1], [4], 'POS')] ",FALSE
2185,"['untuk', 'backpacker', 'sangat', 'bagus', '.', 'cuma', 'penjaga', 'nya', 'tidak', 'mau', 'buka', 'pintu', 'kalau', 'pulang', 'lewat', 'dari', 'jam', '11', 'malam', '.']","[([-1], [2, 3], 'POS')] ",FALSE
2196,"['nyaman', '.', 'bersih', 'pasti', 'kesana', 'lagi', ':', ')', '.']","[([-1], [0], 'POS'), ([-1], [2], 'POS')] ",FALSE
2198,"['saya', 'menginap', 'di', 'airy', 'eco', '.']",[],TRUE
2200,"['ada', 'harga', 'ada', 'rupa', '.', 'maintenance', 'ac', 'nya', 'dong', '.', 'terimakasih', 'iya', '.']",[],TRUE
2201,"['airy', 'room', 'memang', 'yang', 'terbaik', '.']","[([0, 1], [3, 4], 'POS')] ",FALSE
2203,"['sangat', 'memuaskan', 'dan', 'nyaman', '.']","[([-1], [0, 1], 'POS'), ([-1], [3], 'POS')] ",FALSE
2204,"['tolong', 'agak', 'disiplin', 'klok', 'tamu', 'meminta', 'kamarnya', 'di', 'bersihkan', '.']","[([-1], [0, 1, 2], 'NEG')] ",FALSE
2209,"['suami', 'dan', 'anakanak', 'sangat', 'puas', ',', 'pokoknya', 'recommended', 'banget', '.']","[([-1], [2, 3], 'POS'), ([-1], [7, 8], 'POS')] ",FALSE
2211,"['bagus', 'dan', 'nyaman', '.']","[([-1], [0], 'POS'), ([-1], [2], 'POS')] ",FALSE
2214,"['dekat', 'sama', 'jatim', 'park', '2', ',', 'bns', ',', '5sampai10menit', 'musium', 'angkut', 'dan', 'alun', '""', 'dekat', 'kmn', '""', '.', 'terimakasih', 'airy', 'dan', 'omah', 'anin', 'tidak', '.', '.']",[],TRUE
2218,"['bagus', 'nyaman', 'rapi', '.', 'tenang', '.']","[([-1], [0, 1, 2], 'POS'), ([-1], [4], 'POS')] ",FALSE
2223,"['lumayan', 'lah', 'untuk', 'bermalam', 'disini', '.']","[([-1], [0], 'POS')] ",FALSE
2229,"['pesanan', 'saya', 'di', 'cancel', 'pleh', 'pihak', 'airy', 'padahal', 'saya', 'sudah', 'menerima', 'voucher', 'hotel', '.']",[],TRUE
2251,"['good', 'enak', 'unch', 'gratisannya', 'lagi', 'dong', '.']","[([-1], [0], 'POS'), ([-1], [1], 'POS')] ",FALSE
2254,"['nyaman', ',', 'lain', 'kali', 'kalau', 'ke', 'semoga', 'ingin', 'inap', 'disini', 'lagi', '.']","[([-1], [0], 'POS')] ",FALSE
2259,"['airy', 'yang', 'lain', ',', 'kalau', 'bisa', 'contohlah', 'hotel', 'airy', 'ini', '.', 'tidak', 'ada', 'ruginya', 'mncontoh', 'yang', 'bagus', 'dan', 'oke', '.']",[],TRUE
2263,"['pengalaman', 'menyenangkan', ',', 'tetapi', 'agak', 'terganggu', 'dengan', 'asap', 'rokok', 'dari', 'kamar', 'sebelah', '.', 'yang', 'menghuni', 'selalu', 'merokok', 'di', 'depan', 'kamarnya', '.']","[([0], [1], 'POS')] ",FALSE
2266,"['pas', 'masuk', 'pertama', 'kali', 'pengap', ',', 'mungkin', 'karena', 'tidak', 'kena', 'sinar', 'matahari', '.']",[],TRUE
2272,"['dari', 'luar', 'spooky', ',', 'masuk', 'juga', 'spooky', '.', 'tetapi', 'bersih', '.']","[([-1], [9], 'POS')] ",FALSE
2273,"['snack', 'bites', 'cuma', 'dapat', '1bungkus', 'saja', 'haruanya', '2', 'karena', '1', 'kamar', 'untuk', '2tamu', 'orang', '.']",[],TRUE
2281,"['nyaman', 'sekali', '.']","[([-1], [0, 1], 'POS')] ",FALSE
2290,"['sangat', 'menyenangkan', ',', 'awalnya', 'sempat', 'mencari', 'cari', 'lokasi', 'namun', 'tidak', 'menjadi', 'masalah', 'karena', 'tidak', 'terlalu', 'jauh', '.']","[([-1], [0, 1], 'POS')] ",FALSE
2297,"['lumayan', 'ramah', 'tetapi', 'saya', 'pul', 'jam', '1', 'sudah', 'di', 'kunci', ':', '(', '.']","[([-1], [0, 1], 'POS')] ",FALSE
2306,"['yah', 'sesuai', 'dengan', 'harga', '.']",[],TRUE
2307,"['tidak', 'sesuai', 'ekepektasi', '.']","[([-1], [0, 1, 2], 'NEG')] ",FALSE
2311,"['uang', 'deposit', 'tidak', 'kembali', 'hanya', 'karena', 'seprai', 'kasur', 'kena', 'noda', 'sedikit', '.']",[],TRUE
2313,"['ke', '3x', 'menginap', 'di', 'sini', 'dan', 'memuaskan', '.']","[([-1], [6], 'POS')] ",FALSE
2314,"['sangat', 'tidak', 'recomended', '.']","[([-1], [0, 1, 2], 'NEG')] ",FALSE
2315,"['airy', 'eco', 'sanur', 'beach', '.', 'lokasinya', 'sangat', 'dekat', 'dengan', 'pantai', 'sanur', '.', 'berada', 'di', 'ananda', 'beach', 'hotel', '.']",[],TRUE
2323,"['handuk', 'tergantung', 'di', 'kamar', 'mandi', ',', 'jadi', 'saya', 'tidak', 'tahu', 'itu', 'handuk', 'bersih', 'atau', 'tidak', ',', 'kemudian', 'sampai', 'di', 'depan', 'kamar', 'berserakan', 'selama', 'saya', 'inap', 'tidak', 'ada', 'yang', 'membersihkan', '.']",[],TRUE
2326,"['suka', 'banget', 'menginap', 'disini', '.']","[([-1], [0, 1], 'POS')] ",FALSE
2334,"['lumayan', 'nyaman', 'untuk', 'backpack', ',', 'sesuai', 'dengan', 'hargalah', '.']","[([-1], [0, 1], 'POS')] ",FALSE
2337,"['recommended', 'kalau', 'budget', 'hotel', '.']","[([-1], [0], 'POS')] ",FALSE
2357,"['bau', '.', 'kotor', 'banyak', 'semut', '.']","[([-1], [0], 'NEG'), ([-1], [2], 'NEG'), ([-1], [3, 4], 'NEG')] ",FALSE
2362,"['lumayan', 'nyaman', 'dengan', 'harga', 'yang', 'sebanding', '.']","[([-1], [0, 1], 'POS')] ",FALSE
2368,"['puas', 'sekali', 'dengan', 'hotel', 'ini', ',', 'saat', 'itu', '2', 'kamar', 'kami', 'di', 'upgrade', 'ke', 'deluxe', 'room', '.']","[([3], [0, 1], 'POS')] ",FALSE
2378,"['bersih', 'strategis', 'dan', 'ekonomis', '.']","[([-1], [0], 'POS'), ([-1], [1], 'POS'), ([-1], [3], 'POS')] ",FALSE
2379,"['sudah', 'langganan', 'menginap', 'di', 'situ', '.']",[],FALSE
2384,"['recomended', '.', 'murah', ',', 'bersih', ',', 'saya', 'suka', 'pantry', 'nya', '.', 'jadi', 'ingin', 'balik', 'lagi', '.']","[([-1], [0], 'POS'), ([-1], [2], 'POS'), ([-1], [4], 'POS')] ",FALSE
2385,"['favorite', '.']","[([-1], [0], 'POS')] ",FALSE
2391,"['sudah', 'cukup', ',', 'hanya', 'perlu', 'diatasi', 'bau', 'apek', 'nya', 'saja', '.']","[([-1], [6, 7], 'NEG')] ",FALSE
2398,"['bersih', 'rapi', 'dan', 'tidak', 'ribet', 'kemana', 'mana', 'dekat', '.']","[([-1], [0], 'POS'), ([-1], [1], 'POS'), ([-1], [3, 4], 'POS')] ",FALSE
2405,"['mantaps', '.']","[([-1], [0], 'POS')] ",FALSE
2406,"['mantap', 'dan', 'nyaman', '.']","[([-1], [0], 'POS'), ([-1], [2], 'POS')] ",FALSE
2415,"['lokasi', 'dekat', 'sama', 'tempat', 'makan', ',', 'minimarket', ',', 'mall', '.']",[],TRUE
2417,"['baru', 'beberapa', 'jam', 'saya', 'pesan', 'karena', 'kesalahan', 'sedikit', 'tidak', 'bisa', 'di', 'refisi', '.']",[],TRUE
2422,"['kamar', 'airy', 'saya', 'belum', 'dibersihkan', 'dan', 'orang', 'atau', 'pegawai', 'hotel', 'tidur', 'di', 'dalamnya', 'dan', 'akhirnya', 'diganti', 'dengan', 'kamar', 'lain', 'yang', 'bukan', 'kamar', 'airy', '.']",[],TRUE
2425,"['sangat', 'nyaman', 'sekali', 'dan', 'strategis', '.']","[([-1], [0, 1, 2], 'POS'), ([-1], [4], 'POS')] ",FALSE
2431,"['baik', 'sekali', 'bersih', '.']","[([-1], [0, 1], 'POS'), ([-1], [2], 'POS')] ",FALSE
2432,"['lumayan', 'untuk', 'istirahat', '.']","[([-1], [0], 'POS')] ",FALSE
2442,"['nyaman', ',', 'bersih', ',', 'lengkap', '.']","[([-1], [0], 'POS'), ([-1], [2], 'POS'), ([-1], [4], 'POS')] ",FALSE
2444,"['saya', 'salah', 'booking', 'tanggal', 'tetapi', 'tidak', 'bisa', 'di', 'rubah', 'sama', 'sekali', '.']",[],TRUE
2445,"['kurang', 'sopan', '.']","[([-1], [0, 1], 'NEG')] ",FALSE
2450,"['penginapannya', 'di', 'dalam', 'komplek', 'perumahan', ',', 'jadi', 'sangat', 'nyaman', 'dan', 'jauh', 'dari', 'kebisingan', '.', 'very', 'rekomen', '.']","[([0], [7, 8], 'POS'), ([0], [14, 15], 'POS')] ",FALSE
2451,"['air', 'mineral', '(', 'gratis', ')', 'diminta', 'baru', 'ada', '.']",[],TRUE
2461,"['sangat', 'memuaskan', ',', 'recommended', 'bisa', 'dijadikan', 'standar', 'pelayanan', 'airy', 'rooms', 'yang', 'lainnya', '.']","[([-1], [0, 1], 'POS'), ([-1], [3], 'POS')] ",FALSE
2472,"['bagus', 'murah', 'berkualitas', '.']","[([-1], [0], 'POS'), ([-1], [1], 'POS'), ([-1], [2], 'POS')] ",FALSE
2474,"['sangat', 'memuaskan', ',', 'mau', 'banget', 'balik', 'ke', 'hotel', 'airy', 'tugu', 'yogyakarta', 'sangaji', '68', '.']","[([-1], [0, 1], 'POS')] ",FALSE
2481,"['kesalahan', 'tanggal', 'booking', '.', 'tidak', 'bisa', 'edit', 'tanggal', 'untuk', 'menginap', '.', 'teledor', '.']",[],TRUE
2484,"['recommended', 'banget', ':', ')', '.']","[([-1], [0, 1], 'POS')] ",FALSE
2500,"['sudah', 'baik', ',', 'nyaman', ',', 'trimaksih', 'airy', '.']","[([-1], [1], 'POS'), ([-1], [3], 'POS')] ",FALSE
2505,"['.', 'jadi', 'pelanggan', 'tetap', '.']",[],TRUE
2520,"['sangat', 'praktis', 'dan', 'sangat', 'memuaskan', '.']","[([-1], [0, 1], 'POS'), ([-1], [3, 4], 'POS')] ",FALSE
2525,"['nyaman', 'dan', 'ekonomis', '.']","[([-1], [0], 'POS'), ([-1], [2], 'POS')] ",FALSE
2538,"['bersih', '.', 'ramah', '.']","[([-1], [0], 'POS'), ([-1], [2], 'POS')] ",FALSE
2539,"['bersih', ',', 'nyaman', 'dan', 'helpful', '.', 'bakal', 'ke', 'sana', 'lagi', 'kalau', 'ke', 'batu', '.']","[([-1], [0], 'POS'), ([-1], [2], 'POS'), ([-1], [4], 'POS')] ",FALSE
2547,"['bagus', 'murah', 'dan', 'dekat', 'tempat', 'belanja', 'pusat', 'kota', 'juga', '.']","[([-1], [0, 1], 'POS')] ",FALSE
2566,"['puas', 'banget', '.', 'bersih', 'nyamaan', 'muraah', '.', 'saran', ',', 'kalau', 'bisa', 'diperbanyak', 'kamar', 'yang', 'disewakan', 'untuk', 'airy', 'rooms', ',', 'sering', 'kehabisan', 'pesan', 'kamar', 'di', 'sini', 'karena', 'kamar', 'lainnya', 'dipakai', 'kos', 'hiks', ':', '(', '.']","[([-1], [0, 1], 'POS'), ([-1], [3], 'POS'), ([-1], [4], 'POS'), ([-1], [5], 'POS')] ",FALSE
2570,"['posisi', 'kamar', 'lantai', '4', 'dan', 'naik', 'pakai', 'tangga', ',', 'kondisi', 'badan', 'sedang', 'lelah', 'apalagi', 'turun', 'dari', 'pesawat', 'yang', 'delay', '.']",[],TRUE
2587,"['sangat', 'bagus', 'dan', 'bersih', 'seperti', 'di', 'gambar', '.']","[([-1], [0, 1], 'POS'), ([-1], [3], 'POS')] ",FALSE
2597,"['lumayan', 'bersih', 'dan', 'nyaman', '.']","[([-1], [0, 1], 'POS'), ([-1], [3], 'POS')] ",FALSE
2599,"['bangus', ',', 'pas', 'dapat', 'kamar', 'depan', 'kolam', '.']","[([-1], [0], 'POS')] ",FALSE
2615,"['menyenangkan', 'inap', 'disini', ',', 'sudah', 'beberapa', 'x', 'tidak', 'kecewa', ',', 'terimakasih', 'airy', 'ariandri', '.']","[([-1], [0], 'POS'), ([-1], [7, 8], 'POS')] ",FALSE
2629,"['bersih', ',', 'nyaman', ',', 'mantap', ',', 'bagus', '.']","[([-1], [0], 'POS'), ([-1], [2], 'POS'), ([-1], [4], 'POS'), ([-1], [6], 'POS')] ",FALSE
2632,"['keren', 'sudah', ',', 'tidak', 'salah', 'untuk', 'memberikan', 'kepercayaan', 'dengan', 'airy', 'hotel', '.']","[([-1], [0], 'POS')] ",FALSE
2633,"['lokasi', 'dekat', 'dengan', 'beberapa', 'lokasi', 'liburan', '.']",[],TRUE
2651,"['luas', ',', 'cocok', 'bagi', 'traveler', '.']","[([-1], [0], 'POS')] ",FALSE
2653,"['di', 'tampilan', 'sebelumnya', ',', 'ini', 'dianggap', 'expired', '.', 'jadi', 'saya', 'cari', 'hotel', 'lagi', '.', 'pakai', 'airy', ',', 'dan', 'sampai', 'hotel', 'penuh', '.', 'sekarang', 'ini', 'ternyata', 'sudah', 'terbayar', '.', 'saya', 'tidak', 'memakainya', ',', 'karena', 'saya', 'kira', 'tidak', 'berhasil', 'memesan', '.', 'sepertinya', 'selesai', 'saja', 'saya', 'pakai', 'airy', '.']",[],TRUE
2655,"['hanya', 'pada', 'saat', 'tengah', 'malam', 'subuh', 'ada', 'yang', 'mengetuk', 'pintu', 'dan', 'bunyikan', 'bel', 'sampai', '20menitan', 'pintu', 'tidak', 'dibuka', '.']",[],TRUE
2658,"['ada', 'rupa', 'ada', 'harga', '.', 'lumayan', 'lah', '.']","[([-1], [5], 'NEU')] ",FALSE
2664,"['bagus', 'nyaman', 'ramah', '.']","[([-1], [0], 'POS'), ([-1], [1], 'POS'), ([-1], [2], 'POS')] ",FALSE
2670,"['sangat', 'dekat', 'dengan', 'terminal', 'tirtonadi', 'hanya', '100m', '.', 'bisa', 'jalan', 'kaki', '.']",[],TRUE
2680,"['terbaik', 'di', 'kelasnya', '.', ',', '.']","[([-1], [0], 'POS')] ",FALSE
2682,"['bersih', '.', 'nyaman', '.', 'adem', ',', 'recomended', '.']","[([-1], [0], 'POS'), ([-1], [2], 'POS'), ([-1], [4], 'POS'), ([-1], [6], 'POS')] ",FALSE
2683,"['saya', 'lihat', 'bed', 'seperti', 'di', 'hotel', 'krbanyakan', '.', 'tetapi', 'saya', 'tidak', 'boleh', 'stay', '.', 'karena', 'ordernya', 'hanya', 'untuk', '1', 'orang', '.', 'dan', 'kalau', 'tetap', 'mau', 'tinggal', 'saya', 'harus', 'bayar', 'sejumlah', '4x50.000', '=', '200.000', 'lagi', '.']",[],TRUE
2687,"['pengalaman', 'yang', 'buruk', '.', '2', 'helm', 'saya', 'hilang', 'dan', 'pihak', 'hotel', 'tidak', 'memberikan', 'pertanggung', 'jawaban', '.']","[([0], [2], 'NEG')] ",FALSE
2692,"['lumayan', 'untuk', 'budget', 'hotel', '.', 'cuma', 'banyak', 'nyamuk', '.']","[([-1], [0], 'POS')] ",FALSE
2701,"['harga', 'tidak', 'beda', 'jauh', 'sama', 'hotel', 'santika', 'tetapi', 'jauh', 'bintangnya', '.']","[([-1], [8, 9], 'NEG')] ",FALSE
2708,"['kurang', 'pas', 'kalau', 'buat', 'keluarga', '.']","[([-1], [0, 1], 'NEG')] ",FALSE
2712,"['bintang', '3', 'lah', 'iya', '.']",[],TRUE
2735,"['nyaman', 'dan', 'dekat', 'kuliner', 'khas', 'bogor', 'bandung', '.']","[([-1], [0], 'POS'), ([-1], [2, 3], 'POS')] ",FALSE
2736,"['sangat', 'nyaman', 'dengan', 'harga', 'segitu', '.', 'sangat', 'recomended', '.']","[([-1], [0, 1], 'POS'), ([-1], [6, 7], 'POS')] ",FALSE
2740,"['airy', 'kelas', 'hotel', '.', 'murah', 'dan', 'nyaman', '.']","[([-1], [0], 'POS'), ([-1], [2], 'POS'), ([-1], [4], 'POS')] ",FALSE
2757,"['koleksi', 'interior', 'nya', 'asli', 'keren', 'sampai', 'foto', 'buat', 'di', 'ig', ',', 'pasti', 'balik', 'lagi', 'kalau', 'ke', 'jogja', 'terimakasih', 'iya', 'airy', 'babaranji', '.']","[([0, 1], [4], 'POS')] ",FALSE
2759,"['tvnya', 'jadikan', 'tv', 'satelit', 'dong', 'biar', 'asyik', '.']",[],TRUE
2762,"['saya', 'stay', '3', 'hari', ',', 'tetapi', 'snacknya', 'cuma', 'sekali', 'saja', 'heh', '.']",[],TRUE
2768,"['sudah', 'baik', ',', 'terima', 'kasih', 'telah', 'menjamu', 'dengan', 'baik', '.']","[([-1], [0, 1], 'POS')] ",FALSE
2771,"['awalnya', 'kami', 'diberikan', 'kamar', 'yang', 'belum', 'dibersihkan', '.', 'setelah', 'kami', 'keluhan', ',', 'kami', 'cukup', 'puas', '.']","[([-1], [13, 14], 'NEU')] ",FALSE
2774,"['nyaman', 'dan', 'bersih', '.', 'ramah', '.']","[([-1], [0], 'POS'), ([-1], [2], 'POS'), ([-1], [4], 'POS')] ",FALSE
2780,"['lumayan', 'lah', '.', 'bersih', ',', 'ramah', 'dan', 'dekat', 'dengan', 'tempat', 'tempat', 'kuliner', 'dan', 'mal', '.']","[([-1], [0], 'POS'), ([-1], [3], 'POS'), ([-1], [5], 'POS')] ",FALSE
2782,"['nyaman', 'dan', 'menyenangkan', ',', '.']","[([-1], [0], 'POS'), ([-1], [2], 'POS')] ",FALSE
2785,"['aman', ',', 'nyaman', ',', 'strategis', ',', 'dan', 'ekonomis', '.']","[([-1], [0], 'POS'), ([-1], [2], 'POS'), ([-1], [4], 'POS'), ([-1], [7], 'POS')] ",FALSE
2797,"['nyaman', ',', 'tenang', 'dan', 'strategis', ',', 'cari', 'lokasi', 'makanan', 'juga', 'tidak', 'jauh', '.']","[([-1], [0], 'POS'), ([-1], [2], 'POS'), ([-1], [4], 'POS')] ",FALSE
2808,"['tidak', 'enak', 'banget', 'lah', 'pokoknya', 'enakan', 'bobo', 'di', 'rumah', '.']","[([-1], [0, 1, 2], 'NEG')] ",FALSE
2813,"['bersih', ',', 'nyaman', 'dan', 'memuaskan', '.']","[([-1], [0], 'POS'), ([-1], [2], 'POS'), ([-1], [4], 'POS')] ",FALSE
2818,"['mantapp', 'pokokee', 'akan', 'balik', 'lagi', '.']","[([-1], [0], 'POS')] ",FALSE
2822,"['bersih', ',', 'nyaman', 'dan', 'murah', '.']","[([-1], [0], 'POS'), ([-1], [2], 'POS'), ([-1], [4], 'POS')] ",FALSE
2827,"['hotel', 'tidak', 'seperti', 'hotel', 'pada', 'umumnya', '.', 'bahkan', 'seperti', 'kost', 'kost', 'an', 'anak', 'kuliahan', '.']",[],TRUE
2831,"['dekat', 'dari', 'bandara', 'dan', 'tempat', 'berbelanja', '.']","[([-1], [0], 'POS')] ",FALSE
2833,"['terima', 'kasih', 'telah', 'membantu', 'says', 'menemukan', 'penginapan', 'yang', 'nyaman', 'seperti', 'airyroom', '.', 'hanya', 'saja', 'saya', 'salah', 'memilih', 'airyroom', 'untuk', 'menginap', 'di', 'jakarta', 'selatan', '.']",[],TRUE
2841,"['sangat', 'memuaskan', 'dengan', 'harga', 'segitu', '.']","[([-1], [0, 1], 'POS')] ",FALSE
2853,"['lumayan', 'bagus', 'nanti', 'kalau', 'ke', 'jakarta', 'lagi', 'menginap', 'di', 'sini', 'lagi', '.']","[([-1], [0, 1], 'POS')] ",FALSE
2859,"['very', 'bagus', '.', 'tetapi', 'banyak', 'rambut', '.']","[([-1], [0, 1], 'POS'), ([-1], [4, 5], 'NEG')] ",FALSE
2861,"['baik', '.']","[([-1], [0], 'POS')] ",FALSE
2877,"['sayang', 'nya', 'dapat', 'yang', 'dekat', 'tangga', 'jadi', 'brisik', 'kalau', 'ada', 'orf', 'lewat', '.']",[],TRUE
2882,"['baik', ',', 'dekat', 'dengan', 'sekolah', 'jadi', 'agak', 'berisik', '.']","[([-1], [0], 'POS'), ([-1], [6, 7], 'NEG')] ",FALSE
2886,"['yang', 'dibeli', 'melalui', 'traveloka', 'airy', 'hotel', ',', 'kenyataan', 'nya', 'sampai', 'di', 'alamat', 'ternyata', 'bukan', 'airy', 'melainkan', 'ameera', 'hotel', '.']",[],TRUE
2894,"['recommended', 'untuk', 'yang', 'mencari', 'tempat', 'menginap', 'murah', '.']","[([-1], [0], 'POS'), ([-1], [6], 'POS')] ",FALSE
2897,"['waktu', 'itu', 'saya', 'membawa', 'teman', 'cewek', 'ditulisan', 'aplikasi', 'airy', 'saya', 'pilih', 'room', 'bukan', 'type', 'syariah', 'begtu', 'smpai', 'dilokasi', 'ada', 'tulisan', 'besar', 'bagi', 'yang', 'membawa', 'pasangan', 'wajib', 'menunjukan', 'surat', 'nikah', '.']",[],TRUE
2899,"['jauh', 'dari', 'jalan', 'raya', '.']",[],TRUE
2900,"['lumayan', 'lah', ',', 'not', 'bad', '.', 'untuk', 'semalam', '.']","[([-1], [0], 'POS'), ([-1], [3, 4], 'POS')] ",FALSE
2903,"['tetapi', 'rekomendasi', 'dari', 'airy', 'jauh', 'dari', 'tempat', 'yang', 'dibutuhkan', '.']",[],TRUE
2912,"['lokasi', 'dekat', 'dengan', 'trans', 'studio', 'bandung', ',', 'di', 'sekitar', 'hotel', 'ada', 'restoran', ',', 'cafe', 'ngopi', 'dulu', '.']",[],TRUE
2920,"['aman', ',', 'nyaman', 'dan', 'bersih', '.', 'hanya', 'kurang', 'space', 'untuk', 'ibadah', 'saja', '.']","[([-1], [0], 'POS'), ([-1], [2], 'POS'), ([-1], [4], 'POS'), ([-1], [7, 8], 'NEG')] ",FALSE
2921,"['cukup', 'nyaman', 'untuk', 'sekedar', 'beristirahat', '.']","[([-1], [0, 1], 'POS')] ",FALSE
2925,"['tidak', 'melayani', 'dengan', 'baik', '.']","[([-1], [0, 1, 2, 3], 'NEG')] ",FALSE
2947,"['didalam', 'kampung', ',', 'gang', 'masuknya', 'kecil', 'sering', 'ada', 'yang', 'parkir', 'di', 'gang', 'jadi', 'mobil', 'tidak', 'bisa', 'masuk', 'kalau', 'dari', 'jalan', '.', 'kol', 'sutarto', '.']",[],TRUE
2955,"['nyaman', 'dan', 'enak', '.']","[([-1], [0], 'POS'), ([-1], [2], 'POS')] ",FALSE
2956,"['jaga', 'keharuman', 'ruangan', 'iya', '.']",[],TRUE
2959,"['rekomen', 'sudah', 'pokoknya', '.']","[([-1], [0], 'POS')] ",FALSE
2961,"['kamar', 'langsung', 'dibersihkan', 'begitu', 'diminta', '.']",[],TRUE
2962,"['bagus', ',', 'nyaman', 'dan', 'tidak', 'jauh', 'dari', 'pusat', 'kota', '.']","[([-1], [0], 'POS'), ([-1], [2], 'POS'), ([-1], [4, 5], 'POS')] ",FALSE
2966,"['lumayan', ',', 'karena', 'cukup', 'murah', 'terus', 'dekat', 'sama', 'plaza', ',', 'pizza', 'hut', ',', 'mcd', ',', 'kfc', ',', 'dsb.', 'buat', 'yang', 'mau', 'bawa', 'pacar', 'aman', 'temanteman', ',', 'gas', 'saja', '.', 'tertawa', '.']","[([-1], [0], 'POS'), ([-1], [3, 4], 'POS'), ([-1], [6], 'POS')] ",FALSE
2970,"['sudah', 'pastii', 'sangat', 'bersihh', 'rekomen', 'ini', 'mah', '.']","[([-1], [2, 3, 4], 'POS')] ",FALSE
2978,"['sesuai', 'informasi', 'tetapi', 'depan', 'masih', 'ada', 'proyek', 'jadi', 'kota', 'pemandangan', 'kurang', 'enak', '.']",[],TRUE
2981,"['nyaman', 'dan', 'memuaskan', '.']","[([-1], [0], 'POS'), ([-1], [2], 'POS')] ",FALSE
2983,"['kemarin', 'saya', 'kena', 'biaya', 'untuk', 'parkir', '.']",[],TRUE
2990,"['ini', 'pertama', 'kalinya', 'saya', 'memesan', 'airy', 'rooms', '.', 'saya', 'pesan', 'tanggal', '13april', 'untuk', 'menginap', 'tanggal', '28april', '.', 'tetapi', 'ketika', 'saya', 'sampai', 'di', 'hotel', ',', 'kamar', 'yang', 'saya', 'booking', 'tidak', 'ada', 'dan', 'pihak', 'hotel', 'mengembalikan', 'uang', 'saya', ',', 'alhasil', 'saya', 'harus', 'mencari', 'hotel', 'lain', 'pada', 'hari', 'itu', '!', 'sangat', 'mengecewakan', 'karena', 'tidak', 'ada', 'pemberitahuan', 'dari', 'jauh', 'hari', '!', 'tidak', 'profesional', '!']","[([-1], [47, 48], 'NEG'), ([-1], [57, 58], 'NEG')] ",FALSE
2997,"['sempat', 'tidak', 'terdaftar', 'pas', 'chekin', 'lama', 'jadinya', ',', 'tetapi', 'di', 'upgrde', 'ke', 'room', 'yang', 'lebih', 'dari', 'kita', 'pesan', 'pokoknya', 'big', 'terimakasih', 'airy', '.']",[],TRUE